-- phpMyAdmin SQL Dump
-- version 5.1.1
-- https://www.phpmyadmin.net/
--
-- Servidor: 127.0.0.1
-- Tiempo de generación: 07-01-2022 a las 00:38:11
-- Versión del servidor: 10.4.21-MariaDB
-- Versión de PHP: 8.0.12

SET SQL_MODE = "NO_AUTO_VALUE_ON_ZERO";
START TRANSACTION;
SET time_zone = "+00:00";


/*!40101 SET @OLD_CHARACTER_SET_CLIENT=@@CHARACTER_SET_CLIENT */;
/*!40101 SET @OLD_CHARACTER_SET_RESULTS=@@CHARACTER_SET_RESULTS */;
/*!40101 SET @OLD_COLLATION_CONNECTION=@@COLLATION_CONNECTION */;
/*!40101 SET NAMES utf8mb4 */;

--
-- Base de datos: `enjed`
--

-- --------------------------------------------------------

--
-- Estructura de tabla para la tabla `administradores`
--

CREATE TABLE `administradores` (
  `id` int(11) NOT NULL,
  `correo` varchar(60) NOT NULL,
  `contrasena` varchar(255) NOT NULL,
  `tipo_usuario` varchar(20) NOT NULL
) ENGINE=InnoDB DEFAULT CHARSET=utf8mb4;

--
-- Volcado de datos para la tabla `administradores`
--

INSERT INTO `administradores` (`id`, `correo`, `contrasena`, `tipo_usuario`) VALUES
(1, 'jdvpl', '7c81602a8cffd0188d6a933b76f72cde', 'admin'),
(2, 'michael', 'e10adc3949ba59abbe56e057f20f883e', 'admin'),
(3, 'nicolas', '7c81602a8cffd0188d6a933b76f72cde', 'admin');

-- --------------------------------------------------------

--
-- Estructura de tabla para la tabla `categoria`
--

CREATE TABLE `categoria` (
  `id_categoria` int(11) NOT NULL,
  `nombre` varchar(255) NOT NULL,
  `descripcion` varchar(255) DEFAULT 'descripcion de la categoria'
) ENGINE=InnoDB DEFAULT CHARSET=utf8mb4;

--
-- Volcado de datos para la tabla `categoria`
--

INSERT INTO `categoria` (`id_categoria`, `nombre`, `descripcion`) VALUES
(11, 'Jovenes', 'descripcion de la categoria de jovenes 5'),
(14, 'Dama', 'dama 0'),
(22, 'Niños', 'desc de ninos'),
(23, 'adultos', 'adultos');

-- --------------------------------------------------------

--
-- Estructura de tabla para la tabla `clientes`
--

CREATE TABLE `clientes` (
  `id` int(11) NOT NULL,
  `tipo_documento` varchar(40) DEFAULT NULL,
  `num_documento` varchar(20) DEFAULT NULL,
  `nombre` varchar(60) DEFAULT NULL,
  `apellido` varchar(60) DEFAULT NULL,
  `correo` varchar(50) DEFAULT NULL,
  `clave` varchar(255) DEFAULT NULL,
  `hash` varchar(255) DEFAULT NULL,
  `celular` varchar(13) DEFAULT NULL,
  `fecha_nacimiento` date DEFAULT NULL,
  `fecha_registro` datetime DEFAULT NULL,
  `ip` varchar(255) DEFAULT NULL
) ENGINE=InnoDB DEFAULT CHARSET=utf8mb4;

--
-- Volcado de datos para la tabla `clientes`
--

INSERT INTO `clientes` (`id`, `tipo_documento`, `num_documento`, `nombre`, `apellido`, `correo`, `clave`, `hash`, `celular`, `fecha_nacimiento`, `fecha_registro`, `ip`) VALUES
(1, NULL, NULL, 'MICHAEL', 'ROJAS', 'mrojasvargas74@gmail.com', '7c81602a8cffd0188d6a933b76f72cde', NULL, NULL, NULL, '2021-09-19 01:10:47', '::1'),
(2, NULL, NULL, 'JUAN DANIEL', 'SUAREZ', 'j@gmail.com', '7c81602a8cffd0188d6a933b76f72cde', NULL, NULL, NULL, '2021-09-19 01:20:47', '::1'),
(3, NULL, NULL, 'KAKAROTO', 'KAKA', 'k@gail.com', '7c81602a8cffd0188d6a933b76f72cde', NULL, NULL, NULL, '2021-09-19 01:30:07', '::1'),
(4, NULL, NULL, 'JUAN', 'AMADO', 'juanda554242@gmail.com', '7c81602a8cffd0188d6a933b76f72cde', '6623d80f31eae970257dfb271ee9eacb', NULL, NULL, '2021-09-19 16:39:37', '::1'),
(5, NULL, NULL, 'JOVENES', 'JIREN', 'jdsuarez623@misena.edu.co', '7c81602a8cffd0188d6a933b76f72cde', NULL, NULL, NULL, '2022-01-05 16:08:15', '::1');

-- --------------------------------------------------------

--
-- Estructura de tabla para la tabla `departamentos`
--

CREATE TABLE `departamentos` (
  `id_departamento` int(11) NOT NULL,
  `departamento` varchar(100) CHARACTER SET utf8mb4 COLLATE utf8mb4_unicode_ci DEFAULT NULL,
  `cod_dane` varchar(100) CHARACTER SET utf8mb4 COLLATE utf8mb4_unicode_ci DEFAULT NULL,
  `codigo_telefono` varchar(100) CHARACTER SET utf8mb4 COLLATE utf8mb4_unicode_ci DEFAULT NULL
) ENGINE=InnoDB DEFAULT CHARSET=utf8mb4;

--
-- Volcado de datos para la tabla `departamentos`
--

INSERT INTO `departamentos` (`id_departamento`, `departamento`, `cod_dane`, `codigo_telefono`) VALUES
(5, 'ANTIOQUIA', '05', '034'),
(8, 'ATLÁNTICO', '08', '035'),
(11, 'BOGOTÁ, D.C.', '11', '031'),
(13, 'BOLÍVAR', '13', '035'),
(15, 'BOYACÁ', '15', '038'),
(17, 'CALDAS', '17', '036'),
(18, 'CAQUETÁ', '18', '038'),
(19, 'CAUCA', '19', '032'),
(20, 'CESAR', '20', '035'),
(23, 'CÓRDOBA', '23', '034'),
(25, 'CUNDINAMARCA', '25', '031'),
(27, 'CHOCÓ', '27', '034'),
(41, 'HUILA', '41', '038'),
(44, 'LA GUAJIRA', '44', '035'),
(47, 'MAGDALENA', '47', '035'),
(50, 'META', '50', '038'),
(52, 'NARIÑO', '52', '032'),
(54, 'NORTE DE SANTANDER', '54', '037'),
(63, 'QUINDÍO', '63', '036'),
(66, 'RISARALDA', '66', '036'),
(68, 'SANTANDER', '68', '037'),
(70, 'SUCRE', '70', '035'),
(73, 'TOLIMA', '73', '038'),
(76, 'VALLE DEL CAUCA', '76', '032'),
(81, 'ARAUCA', '81', '037'),
(85, 'CASANARE', '85', '038'),
(86, 'PUTUMAYO', '86', '038'),
(88, 'ARCHIPIÉLAGO DE SAN ANDRÉS, PROVIDENCIA Y SANTA CATALINA', '88', '038'),
(91, 'AMAZONAS', '91', '038'),
(94, 'GUAINÍA', '94', '038'),
(95, 'GUAVIARE', '95', '038'),
(97, 'VAUPÉS', '97', '038'),
(99, 'VICHADA', '99', '038');

-- --------------------------------------------------------

--
-- Estructura de tabla para la tabla `direcciones`
--

CREATE TABLE `direcciones` (
  `id` int(11) NOT NULL,
  `departamento` int(11) NOT NULL,
  `municipio` int(11) NOT NULL,
  `direccion` varchar(255) NOT NULL,
  `cliente_id` int(11) NOT NULL
) ENGINE=InnoDB DEFAULT CHARSET=utf8mb4;

-- --------------------------------------------------------

--
-- Estructura de tabla para la tabla `municipios`
--

CREATE TABLE `municipios` (
  `id_municipio` int(11) NOT NULL,
  `municipio` varchar(100) COLLATE utf8mb4_unicode_ci DEFAULT NULL,
  `departamento_id` int(11) DEFAULT NULL,
  `dane` varchar(100) COLLATE utf8mb4_unicode_ci DEFAULT NULL,
  `latitud` varchar(100) COLLATE utf8mb4_unicode_ci DEFAULT NULL,
  `longitud` varchar(100) COLLATE utf8mb4_unicode_ci DEFAULT NULL
) ENGINE=InnoDB DEFAULT CHARSET=utf8mb4 COLLATE=utf8mb4_unicode_ci;

--
-- Volcado de datos para la tabla `municipios`
--

INSERT INTO `municipios` (`id_municipio`, `municipio`, `departamento_id`, `dane`, `latitud`, `longitud`) VALUES
(1, 'ABRIAQUÍ', 5, '05004', '6.627569378', '-76.085977561'),
(2, 'ACACÍAS', 50, '50006', '3.943383008', '-73.571351617'),
(3, 'ACANDÍ', 27, '27006', '8.383938499', '-77.265602561'),
(4, 'ACEVEDO', 41, '41006', '1.709114446', '-75.996641844'),
(5, 'ACHÍ', 13, '13006', '8.622943262', '-74.478059448'),
(6, 'AGRADO', 41, '41013', '2.26975042', '-75.716322355'),
(7, 'AGUA DE DIOS', 25, '25001', '4.372744676', '-74.671110509'),
(8, 'AGUACHICA', 20, '20011', '8.248735219', '-73.6227405'),
(9, 'AGUADA', 68, '68013', '6.182208476', '-73.530385409'),
(10, 'AGUADAS', 17, '17013', '5.616204006', '-75.455447104'),
(11, 'AGUAZUL', 85, '85010', '5.126121886', '-72.548210167'),
(12, 'AGUSTÍN CODAZZI', 20, '20013', '9.949215908', '-73.223582441'),
(13, 'AIPE', 41, '41016', '3.243441923', '-75.276706552'),
(14, 'ALBANIA', 18, '18029', '1.22786549', '-75.882326508'),
(15, 'ALBANIA', 44, '44035', '11.228690485', '-72.532096574'),
(16, 'ALBANIA', 68, '68020', '5.788190519', '-73.792369285'),
(17, 'ALBÁN', 25, '25019', '4.891121638', '-74.442784317'),
(18, 'ALBÁN', 52, '52019', '1.469854084', '-77.068809472'),
(19, 'ALCALÁ', 76, '76020', '4.6788971', '-75.782979317'),
(20, 'ALEJANDRÍA', 5, '05021', '6.365534125', '-75.090597022'),
(21, 'ALGARROBO', 47, '47030', '10.253564748', '-74.103230272'),
(22, 'ALGECIRAS', 41, '41020', '2.49785068', '-75.291349457'),
(23, 'ALMAGUER', 19, '19022', '1.912440521', '-76.834945194'),
(24, 'ALMEIDA', 15, '15022', '4.954825081', '-73.388134245'),
(25, 'ALPUJARRA', 73, '73024', '3.390015064', '-74.940782325'),
(26, 'ALTAMIRA', 41, '41026', '2.07922808', '-75.768582878'),
(27, 'ALTO BAUDÓ', 27, '27025', '5.636740989', '-77.084215399'),
(28, 'ALTOS DEL ROSARIO', 13, '13030', '8.757468863', '-74.195158106'),
(29, 'ALVARADO', 73, '73026', '4.582625784', '-74.986306856'),
(30, 'AMAGÁ', 5, '05030', '6.032921994', '-75.708003098'),
(31, 'AMALFI', 5, '05031', '6.977788843', '-74.981239298'),
(32, 'AMBALEMA', 73, '73030', '4.803365246', '-74.80998676'),
(33, 'ANAPOIMA', 25, '25035', '4.559962881', '-74.525695298'),
(34, 'ANCUYA', 52, '52036', '1.245254077', '-77.53115777'),
(35, 'ANDALUCÍA', 76, '76036', '4.153314228', '-76.160633411'),
(36, 'ANDES', 5, '05034', '5.604993248', '-75.941283908'),
(37, 'ANGELÓPOLIS', 5, '05036', '6.121430303', '-75.715949663'),
(38, 'ANGOSTURA', 5, '05038', '6.861498764', '-75.358315997'),
(39, 'ANOLAIMA', 25, '25040', '4.789313614', '-74.461942563'),
(40, 'ANORÍ', 5, '05040', '7.193110778', '-75.108489539'),
(41, 'ANSERMA', 17, '17042', '5.20029922', '-75.752890779'),
(42, 'ANSERMANUEVO', 76, '76041', '4.795927292', '-76.029630488'),
(43, 'ANZOÁTEGUI', 73, '73043', '4.623390454', '-75.201654227'),
(44, 'ANZÁ', 5, '05044', '6.293546613', '-75.917369269'),
(45, 'APARTADÓ', 5, '05045', '7.86047815', '-76.582362643'),
(46, 'APULO', 25, '25599', '4.537711619', '-74.591246563'),
(47, 'APÍA', 66, '66045', '5.139635357', '-75.953538705'),
(48, 'AQUITANIA', 15, '15047', '5.437416373', '-72.871494711'),
(49, 'ARACATACA', 47, '47053', '10.644908765', '-73.879722568'),
(50, 'ARANZAZU', 17, '17050', '5.265539969', '-75.473926194'),
(51, 'ARATOCA', 68, '68051', '6.716766585', '-73.01162697'),
(52, 'ARAUCA', 81, '81001', '6.796280825', '-70.509211529'),
(53, 'ARAUQUITA', 81, '81065', '6.799338394', '-71.298274293'),
(54, 'ARBELÁEZ', 25, '25053', '4.232786985', '-74.395762911'),
(55, 'ARBOLEDA', 52, '52051', '1.480051172', '-77.129850006'),
(56, 'ARBOLEDAS', 54, '54051', '7.586048164', '-72.917053152'),
(57, 'ARBOLETES', 5, '05051', '8.611395262', '-76.414783173'),
(58, 'ARCABUCO', 15, '15051', '5.73526424', '-73.427931091'),
(59, 'ARENAL', 13, '13042', '8.362996158', '-74.103019049'),
(60, 'ARGELIA', 5, '05055', '5.708114524', '-75.094697954'),
(61, 'ARGELIA', 19, '19050', '2.329337283', '-77.26314906'),
(62, 'ARGELIA', 76, '76054', '4.704287864', '-76.141649985'),
(63, 'ARIGUANÍ', 47, '47058', '9.834264955', '-74.084600846'),
(64, 'ARJONA', 13, '13052', '10.164221225', '-75.371217884'),
(65, 'ARMENIA', 5, '05059', '6.163683758', '-75.809955281'),
(66, 'ARMENIA', 63, '63001', '4.499501128', '-75.724899852'),
(67, 'ARMERO', 73, '73055', '5.006758956', '-74.847500949'),
(68, 'ARROYOHONDO', 13, '13062', '10.241718047', '-75.026904215'),
(69, 'ASTREA', 20, '20032', '9.510727925', '-73.942146411'),
(70, 'ATACO', 73, '73067', '3.37749064', '-75.613732571'),
(71, 'ATRATO', 27, '27050', '5.525825084', '-76.650643569'),
(72, 'AYAPEL', 23, '23068', '8.265768688', '-75.048684357'),
(73, 'BAGADÓ', 27, '27073', '5.503119772', '-76.197969065'),
(74, 'BAHÍA SOLANO', 27, '27075', '6.162762775', '-77.416535344'),
(75, 'BAJO BAUDÓ', 27, '27077', '4.492865435', '-77.082713524'),
(76, 'BALBOA', 19, '19075', '2.084732945', '-77.208813302'),
(77, 'BALBOA', 66, '66075', '4.918349676', '-75.942753858'),
(78, 'BARANOA', 8, '08078', '10.793293019', '-74.922194906'),
(79, 'BARAYA', 41, '41078', '3.135423634', '-74.957977964'),
(80, 'BARBACOAS', 52, '52079', '1.44563774', '-78.156210724'),
(81, 'BARBOSA', 5, '05079', '6.443417935', '-75.329240854'),
(82, 'BARBOSA', 68, '68077', '5.955617327', '-73.623452292'),
(83, 'BARICHARA', 68, '68079', '6.647062543', '-73.215184663'),
(84, 'BARRANCA DE UPÍA', 50, '50110', '4.519076127', '-72.995489813'),
(85, 'BARRANCABERMEJA', 68, '68081', '7.054074558', '-73.782116461'),
(86, 'BARRANCAS', 44, '44078', '10.948716767', '-72.696968794'),
(87, 'BARRANCO DE LOBA', 13, '13074', '8.837077654', '-74.279665305'),
(88, 'BARRANQUILLA', 8, '08001', '10.98152051', '-74.827715439'),
(89, 'BECERRIL', 20, '20045', '9.727732939', '-73.252505222'),
(90, 'BELALCÁZAR', 17, '17088', '4.99467728', '-75.812259892'),
(91, 'BELLO', 5, '05088', '6.358841086', '-75.589735878'),
(92, 'BELMIRA', 5, '05086', '6.665853953', '-75.68621659'),
(93, 'BELTRÁN', 25, '25086', '4.791721105', '-74.714913986'),
(94, 'BELÉN', 15, '15087', '6.005059265', '-72.893698873'),
(95, 'BELÉN', 52, '52083', '1.593645287', '-77.019993659'),
(97, 'BELÉN DE UMBRÍA', 66, '66088', '5.200398696', '-75.867938933'),
(98, 'BELÉN DE LOS ANDAQUÍES', 18, '18094', '1.536174657', '-75.909475036'),
(99, 'BERBEO', 15, '15090', '5.230936356', '-73.127319437'),
(100, 'BETANIA', 5, '05091', '5.727081285', '-75.986891074'),
(101, 'BETÉITIVA', 15, '15092', '5.920858933', '-72.848578763'),
(102, 'BETULIA', 5, '05093', '6.185783612', '-75.956492463'),
(103, 'BETULIA', 68, '68092', '7.033255886', '-73.378723879'),
(104, 'BITUIMA', 25, '25095', '4.847821091', '-74.528627661'),
(105, 'BOAVITA', 15, '15097', '6.337515626', '-72.62021239'),
(106, 'BOCHALEMA', 54, '54099', '7.608509339', '-72.659519092'),
(107, 'BOGOTÁ, D.C.', 11, '11001', '4.316107698', '-74.181072702'),
(108, 'BOJACÁ', 25, '25099', '4.705576252', '-74.335407699'),
(109, 'BOJAYÁ', 27, '27099', '6.474666885', '-77.09933025'),
(110, 'CIUDAD BOLÍVAR', 5, '05101', '5.840995666', '-76.010652526'),
(111, 'BOLÍVAR', 19, '19100', '1.853951938', '-76.963374538'),
(112, 'BOLÍVAR', 68, '68101', '6.181715586', '-73.920657034'),
(113, 'BOLÍVAR', 76, '76100', '4.393118861', '-76.349820385'),
(114, 'BOSCONIA', 20, '20060', '9.946391309', '-73.866288153'),
(115, 'BOYACÁ', 15, '15104', '5.439856216', '-73.381369938'),
(116, 'BRICEÑO', 5, '05107', '7.111788462', '-75.562234738'),
(117, 'BRICEÑO', 15, '15106', '5.673229265', '-73.926607047'),
(118, 'BUCARAMANGA', 68, '68001', '7.155833544', '-73.111569971'),
(119, 'BUCARASICA', 54, '54109', '8.079802239', '-72.929199255'),
(120, 'BUENAVENTURA', 76, '76109', '3.493340766', '-77.118728315'),
(121, 'BUENAVISTA', 15, '15109', '5.489399419', '-73.950662546'),
(122, 'BUENAVISTA', 23, '23079', '8.191397953', '-75.433825319'),
(123, 'BUENAVISTA', 63, '63111', '4.366632382', '-75.74403734'),
(124, 'BUENAVISTA', 70, '70110', '9.314972282', '-74.980140573'),
(125, 'BUENOS AIRES', 19, '19110', '2.988923885', '-76.621589509'),
(126, 'BUESACO', 52, '52110', '1.315215636', '-77.116366395'),
(127, 'GUADALAJARA DE BUGA', 76, '76111', '3.819854318', '-75.983124185'),
(128, 'BUGALAGRANDE', 76, '76113', '4.196852991', '-76.089610303'),
(129, 'BURITICÁ', 5, '05113', '6.80906489', '-75.912065947'),
(130, 'BUSBANZÁ', 15, '15114', '5.843483731', '-72.87574623'),
(131, 'CABRERA', 25, '25120', '3.91861924', '-74.44615606'),
(132, 'CABRERA', 68, '68121', '6.562543673', '-73.250348922'),
(133, 'CABUYARO', 50, '50124', '4.315244759', '-72.952688956'),
(134, 'CACHIPAY', 25, '25123', '4.723063341', '-74.459195283'),
(135, 'CAICEDO', 5, '05125', '6.423463639', '-75.99351498'),
(136, 'CAICEDONIA', 76, '76122', '4.308997973', '-75.836725668'),
(137, 'CAIMITO', 70, '70124', '8.792311599', '-75.131910629'),
(138, 'CAJAMARCA', 73, '73124', '4.406971283', '-75.497459183'),
(139, 'CAJIBÍO', 19, '19130', '2.643209848', '-76.701389144'),
(140, 'CAJICÁ', 25, '25126', '4.930402779', '-74.029851152'),
(141, 'CALAMAR', 13, '13140', '10.155170977', '-74.999959492'),
(142, 'CALAMAR', 95, '95015', '1.613634284', '-73.0342639'),
(143, 'CALARCÁ', 63, '63130', '4.467879428', '-75.65674719'),
(144, 'CALDAS', 5, '05129', '6.054446841', '-75.626426743'),
(145, 'CALDAS', 15, '15131', '5.575990669', '-73.880575077'),
(146, 'CALDONO', 19, '19137', '2.803845691', '-76.427193766'),
(147, 'CALIFORNIA', 68, '68132', '7.331565443', '-72.951318254'),
(148, 'CALIMA', 76, '76126', '3.923271619', '-76.642604838'),
(149, 'CALOTO', 19, '19142', '3.062875557', '-76.321279771'),
(150, 'CALI', 76, '76001', '3.399043723', '-76.576492589'),
(151, 'CAMPAMENTO', 5, '05134', '7.036017478', '-75.287661778'),
(152, 'CAMPO DE LA CRUZ', 8, '08137', '10.38405079', '-74.884660393'),
(153, 'CAMPOALEGRE', 41, '41132', '2.658666675', '-75.329438026'),
(154, 'CAMPOHERMOSO', 15, '15135', '5.006862536', '-73.144670302'),
(155, 'CANALETE', 23, '23090', '8.7240958', '-76.237790807'),
(156, 'CANDELARIA', 8, '08141', '10.489020471', '-74.877566268'),
(157, 'CANDELARIA', 76, '76130', '3.382091564', '-76.383176631'),
(158, 'CANTAGALLO', 13, '13160', '7.239229146', '-74.100140429'),
(159, 'EL CANTÓN DEL SAN PABLO', 27, '27135', '5.359661967', '-76.772556244'),
(160, 'CAPARRAPÍ', 25, '25148', '5.381501399', '-74.521235947'),
(161, 'CAPITANEJO', 68, '68147', '6.520200095', '-72.674352026'),
(162, 'CARACOLÍ', 5, '05142', '6.33797388', '-74.733548173'),
(163, 'CARAMANTA', 5, '05145', '5.555275296', '-75.630820964'),
(164, 'CARCASÍ', 68, '68152', '6.659675274', '-72.569684339'),
(165, 'CAREPA', 5, '05147', '7.757967437', '-76.643746573'),
(166, 'CARMEN DE APICALÁ', 73, '73148', '4.123416795', '-74.747002457'),
(167, 'CARMEN DE CARUPA', 25, '25154', '5.338856556', '-73.926148172'),
(168, 'EL CARMEN DE VIBORAL', 5, '05148', '5.978078841', '-75.263536102'),
(169, 'CARMEN DEL DARIÉN', 27, '27150', '7.033646541', '-76.974230164'),
(170, 'CAROLINA', 5, '05150', '6.754821442', '-75.305906539'),
(171, 'CARTAGENA DE INDIAS', 13, '13001', '10.463433617', '-75.45889915'),
(172, 'CARTAGENA DEL CHAIRÁ', 18, '18150', '0.647693081', '-74.272354991'),
(173, 'CARTAGO', 76, '76147', '4.70684716', '-75.917908459'),
(174, 'CARURÚ', 97, '97161', '1.052762314', '-71.33093035'),
(175, 'CASABIANCA', 73, '73152', '5.007003948', '-75.194577027'),
(176, 'CASTILLA LA NUEVA', 50, '50150', '3.805154089', '-73.538866677'),
(177, 'CAUCASIA', 5, '05154', '7.867941792', '-75.035018239'),
(178, 'CAÑASGORDAS', 5, '05138', '6.814950023', '-76.02689632'),
(179, 'CEPITÁ', 68, '68160', '6.752465533', '-72.92924629'),
(180, 'CERETÉ', 23, '23162', '8.895667051', '-75.878423912'),
(181, 'CERINZA', 15, '15162', '5.962013698', '-72.964472884'),
(182, 'CERRITO', 68, '68162', '6.903923173', '-72.645363244'),
(183, 'CERRO DE SAN ANTONIO', 47, '47161', '10.313293299', '-74.80834413'),
(184, 'CHACHAGÜÍ', 52, '52240', '1.386497844', '-77.26969022'),
(185, 'CHAGUANÍ', 25, '25168', '4.95425175', '-74.630901385'),
(186, 'CHALÁN', 70, '70230', '9.569584598', '-75.324209075'),
(187, 'CHAPARRAL', 73, '73168', '3.743693084', '-75.589866342'),
(188, 'CHARALÁ', 68, '68167', '6.35099819', '-73.061013821'),
(189, 'CHARTA', 68, '68169', '7.282973001', '-72.978290565'),
(190, 'CHIGORODÓ', 5, '05172', '7.631665644', '-76.639642127'),
(191, 'CHIMA', 68, '68176', '6.361627641', '-73.401721444'),
(192, 'CHIMICHAGUA', 20, '20175', '9.27797765', '-73.846979027'),
(193, 'CHIMÁ', 23, '23168', '9.11024941', '-75.652373511'),
(194, 'CHINAVITA', 15, '15172', '5.202971639', '-73.340480736'),
(195, 'CHINCHINÁ', 17, '17174', '4.974340569', '-75.659546861'),
(196, 'CHINÁCOTA', 54, '54172', '7.583353136', '-72.583909779'),
(197, 'CHINÚ', 23, '23182', '9.053287104', '-75.373873626'),
(198, 'CHIPAQUE', 25, '25178', '4.463746629', '-74.04605246'),
(199, 'CHIPATÁ', 68, '68179', '6.067944658', '-73.632391317'),
(200, 'CHIQUINQUIRÁ', 15, '15176', '5.622488024', '-73.804245312'),
(201, 'CHIRIGUANÁ', 20, '20178', '9.426648354', '-73.547978944'),
(202, 'CHISCAS', 15, '15180', '6.68911806', '-72.417956748'),
(203, 'CHITA', 15, '15183', '6.091468485', '-72.439031738'),
(204, 'CHITAGÁ', 54, '54174', '7.05161677', '-72.525447458'),
(205, 'CHITARAQUE', 15, '15185', '5.984394625', '-73.425823751'),
(206, 'CHIVATÁ', 15, '15187', '5.556830465', '-73.260617153'),
(207, 'CHIVOLO', 47, '47170', '10.099519608', '-74.526066666'),
(208, 'CHOACHÍ', 25, '25181', '4.578183896', '-73.952900544'),
(209, 'CHOCONTÁ', 25, '25183', '5.118419271', '-73.680685831'),
(210, 'CHÁMEZA', 85, '85015', '5.228453404', '-72.864968036'),
(211, 'CHÍA', 25, '25175', '4.857823671', '-74.038095385'),
(212, 'CHÍQUIZA', 15, '15232', '5.643075648', '-73.445623907'),
(213, 'CHIVOR', 15, '15236', '4.871181606', '-73.361423792'),
(214, 'CICUCO', 13, '13188', '9.235268598', '-74.688409615'),
(215, 'CIMITARRA', 68, '68190', '6.40972961', '-74.170304269'),
(216, 'CIRCASIA', 63, '63190', '4.604845344', '-75.666884494'),
(217, 'CISNEROS', 5, '05190', '6.550065431', '-75.08254116'),
(218, 'CIÉNEGA', 15, '15189', '5.393059633', '-73.282057716'),
(219, 'CIÉNAGA', 47, '47189', '10.857545516', '-74.025004934'),
(220, 'CIÉNAGA DE ORO', 23, '23189', '8.841811894', '-75.607798292'),
(221, 'CLEMENCIA', 13, '13222', '10.556636955', '-75.314466528'),
(222, 'COCORNÁ', 5, '05197', '6.005593074', '-75.160154033'),
(223, 'COELLO', 73, '73200', '4.315603867', '-74.914702557'),
(224, 'COGUA', 25, '25200', '5.103127532', '-73.97536559'),
(225, 'COLOMBIA', 41, '41206', '3.262763564', '-74.785161172'),
(226, 'COLOSÓ', 70, '70204', '9.494043427', '-75.345286931'),
(227, 'COLÓN', 86, '86219', '1.636334379', '-77.0473156'),
(228, 'COLÓN', 52, '52203', '1.204815876', '-76.973768047'),
(229, 'CONCEPCIÓN', 5, '05206', '6.376106187', '-75.217859014'),
(230, 'CONCEPCIÓN', 68, '68207', '6.76062337', '-72.618157347'),
(231, 'CONCORDIA', 5, '05209', '6.057468678', '-75.900146783'),
(232, 'CONCORDIA', 47, '47205', '10.232848013', '-74.778101753'),
(233, 'CONDOTO', 27, '27205', '5.070586101', '-76.50701751'),
(234, 'CONFINES', 68, '68209', '6.342314443', '-73.25014013'),
(235, 'CONSACÁ', 52, '52207', '1.209066732', '-77.440639207'),
(236, 'CONTADERO', 52, '52210', '0.932667458', '-77.528087314'),
(237, 'CONTRATACIÓN', 68, '68211', '6.303116611', '-73.502115273'),
(238, 'CONVENCIÓN', 54, '54206', '8.873159895', '-73.200077686'),
(239, 'COPACABANA', 5, '05212', '6.351882893', '-75.50075633'),
(240, 'COPER', 15, '15212', '5.452461072', '-74.059965781'),
(241, 'CÓRDOBA', 63, '63212', '9.540047515', '-74.894456346'),
(242, 'CORINTO', 19, '19212', '3.136753606', '-76.209645692'),
(243, 'COROMORO', 68, '68217', '6.234735779', '-72.981768025'),
(244, 'COROZAL', 70, '70215', '9.160624283', '-75.238581777'),
(245, 'CORRALES', 15, '15215', '5.82454582', '-72.845448448'),
(246, 'COTA', 25, '25214', '4.76754674', '-74.141558295'),
(247, 'COTORRA', 23, '23300', '9.071460219', '-75.754592755'),
(248, 'COVARACHÍA', 15, '15218', '6.519521476', '-72.740204209'),
(249, 'COVEÑAS', 70, '70221', '9.394449802', '-75.6574915'),
(250, 'COYAIMA', 73, '73217', '3.775490271', '-75.147202131'),
(251, 'CRAVO NORTE', 81, '81220', '6.39654349', '-70.073811966'),
(252, 'CUASPUD CARLOSAMA', 52, '52224', '0.875426999', '-77.735916005'),
(253, 'CUBARRAL', 50, '50223', '3.834631516', '-74.062324943'),
(254, 'CUBARÁ', 15, '15223', '6.886954878', '-72.181562849'),
(255, 'CUCAITA', 15, '15224', '5.527104109', '-73.445986459'),
(256, 'CUCUNUBÁ', 25, '25224', '5.230308105', '-73.780018849'),
(257, 'CUCUTILLA', 54, '54223', '7.502182366', '-72.797034471'),
(258, 'CUÍTIVA', 15, '15226', '5.58775449', '-72.939536863'),
(259, 'CUMARAL', 50, '50226', '4.232526389', '-73.314775392'),
(260, 'CUMARIBO', 99, '99773', '4.262454746', '-69.521404835'),
(261, 'CUMBAL', 52, '52227', '0.944223274', '-77.959584455'),
(262, 'CUMBITARA', 52, '52233', '1.72559011', '-77.592816372'),
(263, 'CUNDAY', 73, '73226', '3.98252395', '-74.689369077'),
(264, 'CURILLO', 18, '18205', '1.115379292', '-75.973284517'),
(265, 'CURITÍ', 68, '68229', '6.608966483', '-73.05897888'),
(266, 'CURUMANÍ', 20, '20228', '9.238771332', '-73.488108612'),
(267, 'CÁCERES', 5, '05120', '7.665155105', '-75.223697441'),
(268, 'CÁCHIRA', 54, '54128', '7.684188896', '-73.129394812'),
(269, 'CÁCOTA', 54, '54125', '7.270560088', '-72.652121526'),
(270, 'CÁQUEZA', 25, '25151', '4.402259457', '-73.94482435'),
(271, 'CÉRTEGUI', 27, '27160', '5.389828229', '-76.522642368'),
(272, 'CÓMBITA', 15, '15204', '5.667822366', '-73.321370491'),
(273, 'CÓRDOBA', 13, '13212', '0.78274688', '-77.368059034'),
(274, 'CÓRDOBA', 52, '52215', '4.395975176', '-75.651323077'),
(275, 'SAN JOSÉ DE CÚCUTA', 54, '54001', '8.112041811', '-72.488626408'),
(276, 'DABEIBA', 5, '05234', '6.992243782', '-76.314263284'),
(277, 'DAGUA', 76, '76233', '3.649822218', '-76.720393465'),
(278, 'DIBULLA', 44, '44090', '11.090297147', '-73.435687876'),
(279, 'DISTRACCIÓN', 44, '44098', '10.925051067', '-72.944440273'),
(280, 'DOLORES', 73, '73236', '3.597863274', '-74.802566735'),
(281, 'DONMATÍAS', 5, '05237', '6.492403905', '-75.422276872'),
(282, 'DOSQUEBRADAS', 66, '66170', '4.842021144', '-75.669936549'),
(283, 'DUITAMA', 15, '15238', '5.890602515', '-73.067094843'),
(284, 'DURANIA', 54, '54239', '7.746993206', '-72.672080719'),
(285, 'EBÉJICO', 5, '05240', '6.326444922', '-75.783311748'),
(286, 'EL BAGRE', 5, '05250', '7.704633351', '-74.664277263'),
(287, 'EL BANCO', 47, '47245', '9.114930635', '-73.981054905'),
(288, 'EL CAIRO', 76, '76246', '4.756063701', '-76.215028258'),
(289, 'EL CALVARIO', 50, '50245', '4.353769888', '-73.714416844'),
(290, 'EL CARMEN', 54, '54245', '8.867990035', '-73.345859216'),
(291, 'EL CARMEN DE CHUCURÍ', 68, '68235', '6.664260002', '-73.564752876'),
(292, 'EL CARMEN DE ATRATO', 27, '27245', '5.810938364', '-76.191894424'),
(293, 'EL CARMEN DE BOLÍVAR', 13, '13244', '9.699819876', '-75.157935726'),
(294, 'EL CASTILLO', 50, '50251', '3.60282633', '-73.894452375'),
(295, 'EL CERRITO', 76, '76248', '3.656072873', '-76.308417837'),
(296, 'EL CHARCO', 52, '52250', '2.216382295', '-77.995332339'),
(297, 'EL COCUY', 15, '15244', '6.353363177', '-72.419237519'),
(298, 'EL COLEGIO', 25, '25245', '4.556947085', '-74.426584776'),
(299, 'EL COPEY', 20, '20238', '10.199953563', '-73.912820636'),
(300, 'EL DONCELLO', 18, '18247', '1.713734697', '-75.268781092'),
(301, 'EL DORADO', 50, '50270', '3.706969785', '-73.831618922'),
(302, 'EL DOVIO', 76, '76250', '4.539979729', '-76.287627013'),
(303, 'EL ESPINO', 15, '15248', '6.508240556', '-72.480496247'),
(304, 'EL GUACAMAYO', 68, '68245', '6.236115743', '-73.497760502'),
(305, 'EL GUAMO', 13, '13248', '10.034836723', '-74.928110717'),
(306, 'EL MOLINO', 44, '44110', '10.636696455', '-72.8858431'),
(307, 'EL PASO', 20, '20250', '9.683474681', '-73.738337782'),
(308, 'EL PAUJÍL', 18, '18256', '1.476630016', '-75.202318246'),
(309, 'EL PEÑOL', 52, '52254', '1.512283967', '-77.430509342'),
(310, 'EL PEÑÓN', 13, '13268', '8.864818786', '-73.912301472'),
(311, 'EL PEÑÓN', 68, '68250', '5.261728244', '-74.308305639'),
(312, 'EL PEÑÓN', 25, '25258', '6.123389691', '-74.000403973'),
(313, 'EL PIÑÓN', 47, '47258', '10.343109882', '-74.678177555'),
(314, 'EL PLAYÓN', 68, '68255', '7.524284721', '-73.181581916'),
(315, 'EL RETORNO', 95, '95025', '2.143447362', '-72.243648687'),
(316, 'EL RETÉN', 47, '47268', '10.659616964', '-74.325159702'),
(317, 'EL ROBLE', 70, '70233', '9.036231591', '-75.145750378'),
(318, 'EL ROSAL', 25, '25260', '4.879723016', '-74.238022729'),
(319, 'EL ROSARIO', 52, '52256', '1.887689437', '-77.483195889'),
(320, 'EL TABLÓN DE GÓMEZ', 52, '52258', '1.409430207', '-76.985269588'),
(321, 'EL TAMBO', 19, '19256', '2.534488312', '-77.005112065'),
(322, 'EL TAMBO', 52, '52260', '1.43026376', '-77.383115973'),
(323, 'EL TARRA', 54, '54250', '8.678263671', '-73.031759698'),
(324, 'EL ZULIA', 54, '54261', '8.081200092', '-72.631521176'),
(325, 'EL ÁGUILA', 76, '76243', '4.917562873', '-76.066010008'),
(326, 'ELÍAS', 41, '41244', '2.022053305', '-75.944305207'),
(327, 'ENCINO', 68, '68264', '6.079061224', '-73.062066649'),
(328, 'ENCISO', 68, '68266', '6.65824115', '-72.680279389'),
(329, 'ENTRERRÍOS', 5, '05264', '6.594656004', '-75.559130833'),
(330, 'ENVIGADO', 5, '05266', '6.154394922', '-75.546867788'),
(331, 'ESPINAL', 73, '73268', '4.166476969', '-74.893529408'),
(332, 'FACATATIVÁ', 25, '25269', '4.834052334', '-74.338022898'),
(333, 'FALAN', 73, '73270', '5.079256598', '-74.957033717'),
(334, 'FILADELFIA', 17, '17272', '5.285743777', '-75.589787839'),
(335, 'FILANDIA', 63, '63272', '4.669325347', '-75.671469407'),
(336, 'FIRAVITOBA', 15, '15272', '5.67367659', '-73.019833516'),
(337, 'FLANDES', 73, '73275', '4.242813257', '-74.837086379'),
(338, 'FLORENCIA', 18, '18001', '1.749138704', '-75.558239064'),
(339, 'FLORENCIA', 19, '19290', '1.69453474', '-77.087357234'),
(340, 'FLORESTA', 15, '15276', '5.85899211', '-72.924998265'),
(341, 'FLORIDA', 76, '76275', '3.304104295', '-76.164773067'),
(342, 'FLORIDABLANCA', 68, '68276', '7.079704598', '-73.067992503'),
(343, 'FLORIÁN', 68, '68271', '5.801106291', '-73.955249308'),
(344, 'FONSECA', 44, '44279', '10.8283716', '-72.801817799'),
(345, 'FORTUL', 81, '81300', '6.750907234', '-71.791242408'),
(346, 'FOSCA', 25, '25281', '4.316280072', '-73.952867838'),
(347, 'FRANCISCO PIZARRO', 52, '52520', '2.088531925', '-78.591930987'),
(348, 'FREDONIA', 5, '05282', '5.887702934', '-75.679262419'),
(349, 'FRESNO', 73, '73283', '5.186694812', '-75.052289947'),
(350, 'FRONTINO', 5, '05284', '6.691364773', '-76.33199656'),
(351, 'FUENTE DE ORO', 50, '50287', '3.382370124', '-73.596254293'),
(352, 'FUNDACIÓN', 47, '47288', '10.459378178', '-73.884065179'),
(353, 'FUNES', 52, '52287', '0.957786429', '-77.395327805'),
(354, 'FUNZA', 25, '25286', '4.743996711', '-74.198659923'),
(355, 'FUSAGASUGÁ', 25, '25290', '4.323534028', '-74.388591139'),
(356, 'FÓMEQUE', 25, '25279', '4.528568462', '-73.797052666'),
(357, 'FÚQUENE', 25, '25288', '5.416288902', '-73.770598289'),
(358, 'GACHALÁ', 25, '25293', '4.65495513', '-73.510553814'),
(359, 'GACHANCIPÁ', 25, '25295', '5.01001953', '-73.87671759'),
(360, 'GACHANTIVÁ', 15, '15293', '5.744105975', '-73.542655196'),
(361, 'GACHETÁ', 25, '25297', '4.867551134', '-73.617732872'),
(362, 'GALAPA', 8, '08296', '10.897719907', '-74.887087876'),
(363, 'GALERAS', 70, '70235', '9.135169096', '-74.981347057'),
(364, 'GALÁN', 68, '68296', '6.671810994', '-73.324671243'),
(365, 'GAMA', 25, '25299', '4.723573464', '-73.600544414'),
(366, 'GAMARRA', 20, '20295', '8.337726622', '-73.706491986'),
(367, 'GARAGOA', 15, '15299', '5.089466651', '-73.314302722'),
(368, 'GARZÓN', 41, '41298', '2.172441496', '-75.571312425'),
(369, 'GIGANTE', 41, '41306', '2.371781539', '-75.516997536'),
(370, 'GINEBRA', 76, '76306', '3.74410441', '-76.19082004'),
(371, 'GIRALDO', 5, '05306', '6.663095863', '-75.948046628'),
(372, 'GIRARDOT', 25, '25307', '4.338154518', '-74.811439221'),
(373, 'GIRARDOTA', 5, '05308', '6.379745895', '-75.447957442'),
(374, 'GIRÓN', 68, '68307', '6.976734127', '-73.205267004'),
(375, 'GONZÁLEZ', 20, '20310', '8.405516522', '-73.375373085'),
(376, 'GRAMALOTE', 54, '54313', '7.906522991', '-72.807055815'),
(377, 'GRANADA', 5, '05313', '6.123380721', '-75.127636463'),
(378, 'GRANADA', 25, '25312', '4.523484884', '-74.337246192'),
(379, 'GRANADA', 50, '50313', '3.441051399', '-73.761154704'),
(380, 'GUACA', 68, '68318', '6.9434341', '-72.823698733'),
(381, 'GUACAMAYAS', 15, '15317', '6.445438546', '-72.516353323'),
(382, 'GUACARÍ', 76, '76318', '3.759414991', '-76.345182773'),
(383, 'SANTACRUZ', 52, '52699', '1.285179376', '-77.744574404'),
(384, 'GUACHENÉ', 19, '19300', '3.144389993', '-76.392348107'),
(385, 'GUACHETÁ', 25, '25317', '5.387291542', '-73.693282341'),
(386, 'GUACHUCAL', 52, '52317', '0.975037904', '-77.737589414'),
(387, 'GUADALUPE', 5, '05315', '6.861576325', '-75.225913027'),
(388, 'GUADALUPE', 41, '41319', '1.984394016', '-75.696935488'),
(389, 'GUADALUPE', 68, '68320', '6.233278248', '-73.409774453'),
(390, 'GUADUAS', 25, '25320', '5.173554764', '-74.640146507'),
(391, 'GUAITARILLA', 52, '52320', '1.151366658', '-77.530113362'),
(392, 'GUALMATÁN', 52, '52323', '0.928642623', '-77.582618827'),
(393, 'GUAMAL', 47, '47318', '9.248004673', '-74.139680847'),
(394, 'GUAMAL', 50, '50318', '3.947775585', '-73.959838638'),
(395, 'GUAMO', 73, '73319', '4.076501341', '-74.97657287'),
(396, 'GUAPOTÁ', 68, '68322', '6.319299865', '-73.331152752'),
(397, 'GUAPI', 19, '19318', '2.41326696', '-77.690475305'),
(398, 'GUARANDA', 70, '70265', '8.337828523', '-74.687349255'),
(399, 'GUARNE', 5, '05318', '6.266625703', '-75.437308008'),
(400, 'GUASCA', 25, '25322', '4.801276832', '-73.846434852'),
(401, 'GUATAPÉ', 5, '05321', '6.236329826', '-75.156512723'),
(402, 'GUATAQUÍ', 25, '25324', '4.516381655', '-74.782577881'),
(403, 'GUATAVITA', 25, '25326', '4.91158717', '-73.786485644'),
(404, 'GUATEQUE', 15, '15322', '5.01450831', '-73.488123516'),
(405, 'GUAVATÁ', 68, '68324', '5.944894844', '-73.721736707'),
(406, 'GUAYABAL DE SÍQUIMA', 25, '25328', '4.866310254', '-74.476770895'),
(407, 'GUAYABETAL', 25, '25335', '4.231875945', '-73.835439807'),
(408, 'GUAYATÁ', 15, '15325', '4.931424341', '-73.496633724'),
(409, 'GÜEPSA', 68, '68327', '6.04656148', '-73.578478539'),
(410, 'GÜICÁN DE LA SIERRA', 15, '15332', '6.566991765', '-72.255993335'),
(411, 'GUTIÉRREZ', 25, '25339', '4.166089563', '-74.024652702'),
(412, 'GUÁTICA', 66, '66318', '5.320295966', '-75.804366589'),
(413, 'GÁMBITA', 68, '68298', '5.924383558', '-73.319399336'),
(414, 'GÁMEZA', 15, '15296', '5.799050256', '-72.729647651'),
(415, 'GÉNOVA', 63, '63302', '4.180107773', '-75.760566947'),
(416, 'GÓMEZ PLATA', 5, '05310', '6.709562839', '-75.192702912'),
(417, 'HACARÍ', 54, '54344', '8.361831987', '-73.078263298'),
(418, 'HATILLO DE LOBA', 13, '13300', '8.981717133', '-74.090719016'),
(419, 'HATO', 68, '68344', '6.559878299', '-73.361788405'),
(420, 'HATO COROZAL', 85, '85125', '6.03948032', '-71.524457518'),
(421, 'HATONUEVO', 44, '44378', '11.099055817', '-72.738424272'),
(422, 'HELICONIA', 5, '05347', '6.214511788', '-75.749710019'),
(423, 'HERRÁN', 54, '54347', '7.493955781', '-72.492699981'),
(424, 'HERVEO', 73, '73347', '5.068553783', '-75.243229587'),
(425, 'HISPANIA', 5, '05353', '5.797039002', '-75.906692028'),
(426, 'HOBO', 41, '41349', '2.541654161', '-75.447810831'),
(427, 'HONDA', 73, '73349', '5.179416561', '-74.783030938'),
(428, 'IBAGUÉ', 73, '73001', '4.451921427', '-75.252590995'),
(429, 'ICONONZO', 73, '73352', '4.133276369', '-74.539642569'),
(430, 'ILES', 52, '52352', '0.980534037', '-77.518657295'),
(431, 'IMUÉS', 52, '52354', '1.07287697', '-77.501508644'),
(432, 'INZÁ', 19, '19355', '2.499058783', '-76.137625312'),
(433, 'INÍRIDA', 94, '94001', '3.516363079', '-68.008347279'),
(434, 'IPIALES', 52, '52356', '0.497708465', '-77.240476252'),
(435, 'ISNOS', 41, '41359', '1.945591321', '-76.182047216'),
(436, 'ISTMINA', 27, '27361', '4.586818665', '-77.000907374'),
(437, 'ITAGÜÍ', 5, '05360', '6.179279438', '-75.614203699'),
(438, 'ITUANGO', 5, '05361', '7.341549718', '-75.678422773'),
(439, 'IZA', 15, '15362', '5.617366016', '-72.969865044'),
(440, 'JAMBALÓ', 19, '19364', '2.84981013', '-76.31124919'),
(441, 'JAMUNDÍ', 76, '76364', '3.213892389', '-76.627604178'),
(442, 'JARDÍN', 5, '05364', '5.574444339', '-75.818425748'),
(443, 'JENESANO', 15, '15367', '5.38916272', '-73.400870207'),
(444, 'JERICÓ', 5, '05368', '5.769820536', '-75.764882556'),
(445, 'JERICÓ', 15, '15368', '6.155633662', '-72.585230926'),
(446, 'JERUSALÉN', 25, '25368', '4.571350254', '-74.689158536'),
(447, 'JESÚS MARÍA', 68, '68368', '5.872705896', '-73.789974186'),
(448, 'JORDÁN', 68, '68370', '6.710814846', '-73.121123602'),
(449, 'JUAN DE ACOSTA', 8, '08372', '10.823065032', '-75.078419039'),
(450, 'JUNÍN', 25, '25372', '4.705170789', '-73.692478732'),
(451, 'JURADÓ', 27, '27372', '7.103338868', '-77.679736621'),
(452, 'LA APARTADA', 23, '23350', '8.052218422', '-75.28816022'),
(453, 'LA ARGENTINA', 41, '41378', '2.156287619', '-76.006794511'),
(454, 'LA BELLEZA', 68, '68377', '5.895724341', '-74.046765754'),
(455, 'LA CALERA', 25, '25377', '4.700785443', '-73.929399208'),
(456, 'LA CAPILLA', 15, '15380', '5.113167102', '-73.459237077'),
(457, 'LA CEJA', 5, '05376', '5.992524843', '-75.430869347'),
(458, 'LA CELIA', 66, '66383', '4.988127679', '-76.008226782'),
(459, 'LA CRUZ', 52, '52378', '1.584175998', '-76.923352621'),
(460, 'LA CUMBRE', 76, '76377', '3.694303106', '-76.589899052'),
(461, 'LA DORADA', 17, '17380', '5.410515691', '-74.72114262'),
(462, 'LA ESPERANZA', 54, '54385', '7.695233593', '-73.361396723'),
(463, 'LA ESTRELLA', 5, '05380', '6.137595883', '-75.648954991'),
(464, 'LA FLORIDA', 52, '52381', '1.338034371', '-77.422930412'),
(465, 'LA GLORIA', 20, '20383', '8.588002247', '-73.616023836'),
(466, 'LA JAGUA DE IBIRICO', 20, '20400', '9.52099808', '-73.322493379'),
(467, 'LA JAGUA DEL PILAR', 44, '44420', '10.4580941', '-73.072091927'),
(468, 'LA LLANADA', 52, '52385', '1.541847847', '-77.61781608'),
(469, 'LA MACARENA', 50, '50350', '2.161863917', '-74.094880756'),
(470, 'LA MERCED', 17, '17388', '5.393185716', '-75.557910707'),
(471, 'LA MESA', 25, '25386', '4.650773167', '-74.473217169'),
(472, 'LA MONTAÑITA', 18, '18410', '1.302860442', '-75.235727319'),
(473, 'LA PALMA', 25, '25394', '5.333400646', '-74.40807863'),
(474, 'LA PAZ', 68, '68397', '10.244405624', '-73.078245692'),
(475, 'LA PAZ', 20, '20621', '6.21737437', '-73.629771951'),
(476, 'LA PEÑA', 25, '25398', '5.20459882', '-74.407866109'),
(477, 'LA PINTADA', 5, '05390', '5.746583958', '-75.60220206'),
(478, 'LA PLATA', 41, '41396', '2.328076586', '-76.001172988'),
(479, 'LA PLAYA', 54, '54398', '8.256757875', '-73.187893266'),
(480, 'LA PRIMAVERA', 99, '99524', '5.517593607', '-69.620440535'),
(481, 'LA SALINA', 85, '85136', '6.178282373', '-72.346933772'),
(482, 'LA SIERRA', 19, '19392', '2.187473572', '-76.78228032'),
(483, 'LA TEBAIDA', 63, '63401', '4.426884849', '-75.819273353'),
(484, 'LA TOLA', 52, '52390', '2.56027333', '-78.235066941'),
(485, 'LA UNIÓN', 5, '05400', '5.940434685', '-75.354290227'),
(486, 'LA UNIÓN', 52, '52399', '1.619697376', '-77.142846218'),
(487, 'LA UNIÓN', 70, '70400', '8.811997799', '-75.283222116'),
(488, 'LA UNIÓN', 76, '76400', '4.537937391', '-76.103289827'),
(489, 'LA UVITA', 15, '15403', '6.265126191', '-72.555510848'),
(490, 'LA VEGA', 19, '19397', '2.053933426', '-76.758806204'),
(491, 'LA VEGA', 25, '25402', '4.978619842', '-74.339360611'),
(492, 'LA VICTORIA', 15, '15401', '-0.125016381', '-71.104878047'),
(493, 'VICTORIA', 17, '17867', '5.447542859', '-74.836225017'),
(494, 'LA VICTORIA', 76, '76403', '5.507008121', '-74.241627269'),
(495, 'LA VIRGINIA', 66, '66400', '4.904704187', '-75.852081623'),
(496, 'LABATECA', 54, '54377', '7.218372474', '-72.482815141'),
(497, 'LABRANZAGRANDE', 15, '15377', '5.541378132', '-72.590384601'),
(498, 'LANDÁZURI', 68, '68385', '6.385234814', '-73.78760899'),
(499, 'LEBRIJA', 68, '68406', '7.204060063', '-73.291380974'),
(500, 'LEIVA', 52, '52405', '1.900862361', '-77.31220073'),
(501, 'LEJANÍAS', 50, '50400', '3.614714873', '-74.096284667'),
(502, 'LENGUAZAQUE', 25, '25407', '5.303637171', '-73.681532277'),
(503, 'LETICIA', 91, '91001', '-3.530058784', '-70.04513691'),
(504, 'LIBORINA', 5, '05411', '6.723990935', '-75.783000458'),
(505, 'LINARES', 52, '52411', '1.395173084', '-77.520937738'),
(506, 'LLORÓ', 27, '27413', '5.585101179', '-76.385444488'),
(507, 'LORICA', 23, '23417', '9.165034998', '-75.909781236'),
(508, 'LOS CÓRDOBAS', 23, '23419', '8.823307063', '-76.343055201'),
(509, 'LOS PALMITOS', 70, '70418', '9.422380117', '-75.21302191'),
(510, 'LOS PATIOS', 54, '54405', '7.742291094', '-72.526807835'),
(511, 'LOS SANTOS', 68, '68418', '6.812162934', '-73.107850857'),
(512, 'LOURDES', 54, '54418', '7.963712759', '-72.846702903'),
(513, 'LURUACO', 8, '08421', '10.635031161', '-75.15402741'),
(514, 'LÉRIDA', 73, '73408', '4.866034592', '-74.923371784'),
(515, 'LÍBANO', 73, '73411', '4.877936755', '-75.047630757'),
(516, 'LÓPEZ DE MICAY', 19, '19418', '2.95819877', '-77.242121575'),
(517, 'MACANAL', 15, '15425', '4.980176495', '-73.294136946'),
(518, 'MACARAVITA', 68, '68425', '6.513745303', '-72.585364919'),
(519, 'MACEO', 5, '05425', '6.534573585', '-74.714108541'),
(520, 'MACHETÁ', 25, '25426', '5.040349198', '-73.617382409'),
(521, 'MADRID', 25, '25430', '4.75156751', '-74.289630496'),
(522, 'MAGANGUÉ', 13, '13430', '9.053135895', '-74.705393181'),
(523, 'MAGÜÍ', 52, '52427', '1.906858429', '-78.044736438'),
(524, 'MAHATES', 13, '13433', '10.178213908', '-75.17978161'),
(525, 'MAICAO', 44, '44430', '11.381577644', '-72.295008177'),
(526, 'MAJAGUAL', 70, '70429', '8.546148134', '-74.710378834'),
(527, 'MALAMBO', 8, '08433', '10.848288642', '-74.806175549'),
(528, 'MALLAMA', 52, '52435', '1.155947016', '-77.846646464'),
(529, 'MANATÍ', 8, '08436', '10.454145546', '-74.984773669'),
(530, 'MANAURE', 44, '44560', '11.605542633', '-72.571603922'),
(531, 'MANAURE BALCÓN DEL CESAR', 20, '20443', '10.38027852', '-73.007062754'),
(532, 'MANIZALES', 17, '17001', '5.08343301', '-75.50727881'),
(533, 'MANTA', 25, '25436', '4.976881151', '-73.563137406'),
(534, 'MANZANARES', 17, '17433', '5.23295391', '-75.152634472'),
(535, 'MANÍ', 85, '85139', '4.675769488', '-72.212802727'),
(536, 'MAPIRIPÁN', 50, '50325', '3.117523361', '-71.938056916'),
(537, 'MARGARITA', 13, '13440', '9.054601889', '-74.225847059'),
(538, 'MARINILLA', 5, '05440', '6.18520515', '-75.304879329'),
(539, 'MARIPÍ', 15, '15442', '5.569810633', '-74.020031272'),
(540, 'SAN SEBASTIÁN DE MARIQUITA', 73, '73443', '5.235322593', '-74.906680891'),
(541, 'MARMATO', 17, '17442', '5.492632029', '-75.60209955'),
(542, 'MARQUETALIA', 17, '17444', '5.309142491', '-75.041178923'),
(543, 'MARSELLA', 66, '66440', '4.942936185', '-75.753213896'),
(544, 'MARULANDA', 17, '17446', '5.235585244', '-75.283166479'),
(545, 'MARÍA LA BAJA', 13, '13442', '9.976017168', '-75.343802649'),
(546, 'MATANZA', 68, '68444', '7.348778319', '-73.054389973'),
(547, 'MEDELLÍN', 5, '05001', '6.257590259', '-75.611031065'),
(548, 'MEDINA', 25, '25438', '4.484437919', '-73.405984868'),
(549, 'MEDIO ATRATO', 27, '27425', '6.033880098', '-76.673469703'),
(550, 'MEDIO BAUDÓ', 27, '27430', '5.110392243', '-76.995930752'),
(551, 'MEDIO SAN JUAN', 27, '27450', '4.621182739', '-76.808618427'),
(552, 'MELGAR', 73, '73449', '4.193215498', '-74.605174974'),
(553, 'MERCADERES', 19, '19450', '1.793825164', '-77.180603812'),
(554, 'MESETAS', 50, '50330', '3.154771201', '-74.124548242'),
(555, 'MILÁN', 18, '18460', '1.146692554', '-75.386647638'),
(556, 'MIRAFLORES', 15, '15455', '5.150953297', '-73.178967217'),
(557, 'MIRAFLORES', 95, '95200', '1.363974932', '-72.018109505'),
(558, 'MIRANDA', 19, '19455', '3.228235212', '-76.216708274'),
(559, 'MISTRATÓ', 66, '66456', '5.414078141', '-75.961353866'),
(560, 'MITÚ', 97, '97001', '1.06148231', '-70.46688401'),
(561, 'MOCOA', 86, '86001', '1.26070915', '-76.665843491'),
(562, 'MOGOTES', 68, '68464', '6.492532315', '-72.958347724'),
(563, 'MOLAGAVITA', 68, '68468', '6.643290559', '-72.819162739'),
(564, 'MOMIL', 23, '23464', '9.265461621', '-75.650908762'),
(565, 'SANTA CRUZ DE MOMPOX', 13, '13468', '9.142512064', '-74.545199057'),
(566, 'MONGUA', 15, '15464', '5.710937981', '-72.634028752'),
(567, 'MONGUÍ', 15, '15466', '5.697352228', '-72.832986642'),
(568, 'MONIQUIRÁ', 15, '15469', '5.863370485', '-73.558525378'),
(569, 'MONTEBELLO', 5, '05467', '5.916853903', '-75.519726926'),
(570, 'MONTECRISTO', 13, '13458', '8.01710024', '-74.463429112'),
(571, 'MONTELÍBANO', 23, '23466', '7.866432635', '-75.875339255'),
(572, 'MONTENEGRO', 63, '63470', '4.521890945', '-75.818065942'),
(573, 'MONTERÍA', 23, '23001', '8.584698016', '-75.950550788'),
(574, 'MONTERREY', 85, '85162', '4.841308642', '-72.847343398'),
(575, 'MORALES', 13, '13473', '8.253700061', '-73.971345899'),
(576, 'MORALES', 19, '19473', '2.773663981', '-76.746051522'),
(577, 'MORELIA', 18, '18479', '1.38299611', '-75.673811234'),
(578, 'MORROA', 70, '70473', '9.392496685', '-75.327187442'),
(579, 'MOSQUERA', 25, '25473', '4.672714223', '-74.235731935'),
(580, 'MOSQUERA', 52, '52473', '2.442493698', '-78.438827004'),
(581, 'MOTAVITA', 15, '15476', '5.606192449', '-73.377342665'),
(582, 'MOÑITOS', 23, '23500', '9.190515343', '-76.119317094'),
(583, 'MURILLO', 73, '73461', '4.826734468', '-75.219939865'),
(584, 'MURINDÓ', 5, '05475', '6.828773855', '-76.708613491'),
(585, 'MUTATÁ', 5, '05480', '7.329557848', '-76.463065695'),
(586, 'MUTISCUA', 54, '54480', '7.31694997', '-72.768345835'),
(587, 'MUZO', 15, '15480', '5.539429272', '-74.111771391'),
(588, 'MÁLAGA', 68, '68432', '6.720222349', '-72.738410914'),
(589, 'NARIÑO', 5, '05483', '5.581275312', '-75.194570185'),
(590, 'NARIÑO', 25, '25483', '4.407952015', '-74.80565317'),
(591, 'NARIÑO', 52, '52480', '1.286775273', '-77.352203665'),
(592, 'NATAGAIMA', 73, '73483', '3.540518203', '-75.122009994'),
(593, 'NECHÍ', 5, '05495', '7.983477394', '-74.65844186'),
(594, 'NECOCLÍ', 5, '05490', '8.493728551', '-76.676995884'),
(595, 'NEIRA', 17, '17486', '5.183358589', '-75.506929774'),
(596, 'NEIVA', 41, '41001', '2.993360046', '-75.272362322'),
(597, 'NEMOCÓN', 25, '25486', '5.093705358', '-73.883802375'),
(598, 'NILO', 25, '25488', '4.294780933', '-74.614694997'),
(599, 'NIMAIMA', 25, '25489', '5.121445325', '-74.397370483'),
(600, 'NOBSA', 15, '15491', '5.778759851', '-72.932683237'),
(601, 'NOCAIMA', 25, '25491', '5.066110761', '-74.389754758'),
(602, 'NORCASIA', 17, '17495', '5.638062349', '-74.854927072'),
(603, 'NOROSÍ', 13, '13490', '8.50613476', '-74.115889115'),
(604, 'NÓVITA', 27, '27491', '4.853386627', '-76.618236685'),
(605, 'NUEVA GRANADA', 47, '47460', '9.735998134', '-74.32840222'),
(606, 'NUEVO COLÓN', 15, '15494', '5.354701485', '-73.448734241'),
(607, 'NUNCHÍA', 85, '85225', '5.529181235', '-72.092519371'),
(608, 'NUQUÍ', 27, '27495', '5.591359844', '-77.330574386'),
(609, 'NÁTAGA', 41, '41483', '2.576066285', '-75.786937574'),
(610, 'OBANDO', 76, '76497', '4.597588666', '-75.949199698'),
(611, 'OCAMONTE', 68, '68498', '6.355368858', '-73.122118331'),
(612, 'OCAÑA', 54, '54498', '8.206637527', '-73.337650332'),
(613, 'OIBA', 68, '68500', '6.225596216', '-73.279615153'),
(614, 'OICATÁ', 15, '15500', '5.610787844', '-73.279919053'),
(615, 'OLAYA', 5, '05501', '6.611418083', '-75.775670969'),
(616, 'OLAYA HERRERA', 52, '52490', '2.287856547', '-78.31219024'),
(617, 'ONZAGA', 68, '68502', '6.335194548', '-72.812058376'),
(618, 'OPORAPA', 41, '41503', '2.061191362', '-76.04110289'),
(619, 'ORITO', 86, '86320', '0.673756323', '-76.943139229'),
(620, 'OROCUÉ', 85, '85230', '4.915139133', '-71.598739657'),
(621, 'ORTEGA', 73, '73504', '3.937793962', '-75.278243144'),
(622, 'OSPINA', 52, '52506', '1.029815854', '-77.552349435'),
(623, 'OTANCHE', 15, '15507', '5.753787787', '-74.197194226'),
(624, 'OVEJAS', 70, '70508', '9.549655271', '-75.188559161'),
(625, 'PACHAVITA', 15, '15511', '5.148323877', '-73.399512192'),
(626, 'PACHO', 25, '25513', '5.168367634', '-74.163365443'),
(627, 'PADILLA', 19, '19513', '3.194730618', '-76.336241803'),
(628, 'PAICOL', 41, '41518', '2.40689827', '-75.72803027'),
(629, 'PAILITAS', 20, '20517', '8.938916143', '-73.572472125'),
(630, 'PAIME', 25, '25518', '5.387647345', '-74.163956956'),
(631, 'PAIPA', 15, '15516', '5.762027786', '-73.137774423'),
(632, 'PAJARITO', 15, '15518', '5.382328949', '-72.696726742'),
(633, 'PALERMO', 41, '41524', '2.914491967', '-75.440661177'),
(634, 'PALESTINA', 17, '17524', '5.050342543', '-75.661762659'),
(635, 'PALESTINA', 41, '41530', '1.68458076', '-76.147855897'),
(636, 'PALMAR', 68, '68522', '6.525876964', '-73.282473371'),
(637, 'PALMAR DE VARELA', 8, '08520', '10.694812078', '-74.770150903'),
(638, 'PALMAS DEL SOCORRO', 68, '68524', '6.391750107', '-73.282731743'),
(639, 'PALMIRA', 76, '76520', '3.558392876', '-76.227799721'),
(640, 'PALMITO', 70, '70523', '9.334940293', '-75.561990273'),
(641, 'PALOCABILDO', 73, '73520', '5.094035737', '-75.018450495'),
(642, 'PAMPLONA', 54, '54518', '7.379057623', '-72.675903475'),
(643, 'PAMPLONITA', 54, '54520', '7.48287886', '-72.635154009'),
(644, 'PANDI', 25, '25524', '4.180497268', '-74.471121297'),
(645, 'PANQUEBA', 15, '15522', '6.443299758', '-72.461824312'),
(646, 'PARATEBUENO', 25, '25530', '4.368158959', '-73.241661397'),
(647, 'PASCA', 25, '25535', '4.293733611', '-74.27396924'),
(648, 'PATÍA', 19, '19532', '2.157983906', '-77.046576199'),
(649, 'PAUNA', 15, '15531', '5.688801559', '-74.005041215'),
(650, 'PAYA', 15, '15533', '5.621242742', '-72.369290598'),
(651, 'PAZ DE ARIPORO', 85, '85250', '5.779915281', '-70.86947037'),
(652, 'PAZ DE RÍO', 15, '15537', '6.030008561', '-72.759880177'),
(653, 'PEDRAZA', 47, '47541', '10.154295459', '-74.831780906'),
(654, 'PELAYA', 20, '20550', '8.764116734', '-73.632955464'),
(655, 'PENSILVANIA', 17, '17541', '5.407187836', '-75.166839962'),
(656, 'PEQUE', 5, '05543', '7.044180058', '-75.889688434'),
(657, 'PEREIRA', 66, '66001', '4.803662773', '-75.795790934'),
(658, 'PESCA', 15, '15542', '5.498483324', '-73.07837993'),
(659, 'PEÑOL', 5, '05541', '6.232396368', '-75.223509055'),
(660, 'PIAMONTE', 19, '19533', '1.054128816', '-76.444327103'),
(661, 'PIEDECUESTA', 68, '68547', '6.97082104', '-73.014811964'),
(662, 'PIEDRAS', 73, '73547', '4.433764446', '-74.99879938'),
(663, 'PIENDAMÓ - TUNÍA', 19, '19548', '2.702420026', '-76.537704551'),
(664, 'PIJAO', 63, '63548', '4.30397934', '-75.683304171'),
(665, 'PIJIÑO DEL CARMEN', 47, '47545', '9.530748654', '-74.144765702'),
(666, 'PINCHOTE', 68, '68549', '6.513892626', '-73.175709863'),
(667, 'PINILLOS', 13, '13549', '8.886315511', '-74.408884758'),
(668, 'PIOJÓ', 8, '08549', '10.740789594', '-75.143660335'),
(669, 'PISBA', 15, '15550', '5.768131812', '-72.439932321'),
(670, 'PITAL', 41, '41548', '2.259601773', '-75.831951604'),
(671, 'PITALITO', 41, '41551', '1.848217185', '-76.05217643'),
(672, 'PIVIJAY', 47, '47551', '10.433033993', '-74.412511966'),
(673, 'PLANADAS', 73, '73555', '3.09897343', '-75.81684413'),
(674, 'PLANETA RICA', 23, '23555', '8.181108488', '-75.68923803'),
(675, 'PLATO', 47, '47555', '9.76945611', '-74.601815758'),
(676, 'POLICARPA', 52, '52540', '1.735354202', '-77.48134359'),
(677, 'POLONUEVO', 8, '08558', '10.767401414', '-74.854148436'),
(678, 'PONEDERA', 8, '08560', '10.594651021', '-74.798473158'),
(679, 'POPAYÁN', 19, '19001', '2.471704362', '-76.591944191'),
(680, 'PORE', 85, '85263', '5.663194953', '-71.925808058'),
(681, 'POTOSÍ', 52, '52560', '0.785841088', '-77.528704073'),
(682, 'PRADERA', 76, '76563', '3.42063665', '-76.178418412'),
(683, 'PRADO', 73, '73563', '3.729166649', '-74.872477056'),
(684, 'PROVIDENCIA', 52, '52565', '13.3511096', '-81.373885489'),
(685, 'PROVIDENCIA', 88, '88564', '1.232864821', '-77.598442123'),
(686, 'PUEBLO BELLO', 20, '20570', '10.417368738', '-73.614506323'),
(687, 'PUEBLO NUEVO', 23, '23570', '8.481339568', '-75.405161542'),
(688, 'PUEBLO RICO', 66, '66572', '5.286295408', '-76.073594212'),
(689, 'PUEBLORRICO', 5, '05576', '5.80970186', '-75.860766666'),
(690, 'PUEBLOVIEJO', 47, '47570', '10.847589014', '-74.360579422'),
(691, 'PUENTE NACIONAL', 68, '68572', '5.831129906', '-73.678418153'),
(692, 'PUERRES', 52, '52573', '0.854351651', '-77.350325234'),
(693, 'PUERTO ASÍS', 86, '86568', '0.433884539', '-76.521582034'),
(694, 'PUERTO BERRÍO', 5, '05579', '6.481922267', '-74.528742101'),
(695, 'PUERTO BOYACÁ', 15, '15572', '5.953466654', '-74.452858102'),
(696, 'PUERTO CAICEDO', 86, '86569', '0.70416861', '-76.498644148'),
(697, 'PUERTO CARREÑO', 99, '99001', '5.836529669', '-68.141222336'),
(698, 'PUERTO COLOMBIA', 8, '08573', '11.004422597', '-74.907405804'),
(699, 'PUERTO CONCORDIA', 50, '50450', '2.752260112', '-72.721094102'),
(700, 'PUERTO ESCONDIDO', 23, '23574', '8.988667731', '-76.194059124'),
(701, 'PUERTO GAITÁN', 50, '50568', '4.005034467', '-71.631574285'),
(702, 'PUERTO GUZMÁN', 86, '86571', '0.746432215', '-75.880229785'),
(703, 'PUERTO LEGUÍZAMO', 86, '86573', '0.0594719700001', '-75.064793271'),
(704, 'PUERTO LIBERTADOR', 23, '23580', '7.711515736', '-75.771232238'),
(705, 'PUERTO LLERAS', 50, '50577', '3.193092925', '-73.236714364'),
(706, 'PUERTO LÓPEZ', 50, '50573', '4.014298921', '-72.645704992'),
(707, 'PUERTO NARE', 5, '05585', '6.126539139', '-74.703177217'),
(708, 'PUERTO NARIÑO', 91, '91540', '-3.631323222', '-70.471990393'),
(709, 'PUERTO PARRA', 68, '68573', '6.685278856', '-73.957612558'),
(710, 'PUERTO RICO', 18, '18592', '2.018940891', '-75.073086267'),
(711, 'PUERTO RICO', 50, '50590', '2.758083657', '-73.137801709'),
(712, 'PUERTO RONDÓN', 81, '81591', '6.411761829', '-70.966789642'),
(713, 'PUERTO SALGAR', 25, '25572', '5.619752748', '-74.580192303'),
(714, 'PUERTO SANTANDER', 54, '54553', '-1.101032624', '-71.938933582'),
(715, 'PUERTO TEJADA', 19, '19573', '3.266724205', '-76.41846353'),
(716, 'PUERTO TRIUNFO', 5, '05591', '5.954830151', '-74.686191798'),
(717, 'PUERTO WILCHES', 68, '68575', '7.398198257', '-73.835469604'),
(718, 'PULÍ', 25, '25580', '4.691336253', '-74.680744036'),
(719, 'PUPIALES', 52, '52585', '0.916769831', '-77.633369537'),
(720, 'PURACÉ', 19, '19585', '2.262153618', '-76.448269377'),
(721, 'PURIFICACIÓN', 73, '73585', '3.854281614', '-74.874511547'),
(722, 'PURÍSIMA DE LA CONCEPCIÓN', 23, '23586', '9.282386127', '-75.721293921'),
(723, 'PÁCORA', 17, '17513', '5.500035035', '-75.482450565'),
(724, 'PÁEZ', 15, '15514', '5.095211035', '-73.004358626'),
(725, 'PÁEZ', 19, '19517', '2.733887702', '-75.993682638'),
(726, 'PÁRAMO', 68, '68533', '6.416631131', '-73.171482319'),
(727, 'QUEBRADANEGRA', 25, '25592', '5.09998103', '-74.494510697'),
(728, 'QUETAME', 25, '25594', '4.334589044', '-73.85264561'),
(729, 'QUIBDÓ', 27, '27001', '5.7543229', '-76.65015147'),
(730, 'QUIMBAYA', 63, '63594', '4.610273497', '-75.792050869'),
(731, 'QUINCHÍA', 66, '66594', '5.323906864', '-75.713396832'),
(732, 'QUÍPAMA', 15, '15580', '5.595729831', '-74.268570671'),
(733, 'QUIPILE', 25, '25596', '4.726907976', '-74.553599262'),
(734, 'RAGONVALIA', 54, '54599', '7.595355974', '-72.507566221'),
(735, 'RAMIRIQUÍ', 15, '15599', '5.319934092', '-73.310778996'),
(736, 'RECETOR', 85, '85279', '5.263068507', '-72.770818307'),
(737, 'REGIDOR', 13, '13580', '8.672628558', '-73.914506788'),
(738, 'REMEDIOS', 5, '05604', '6.997267375', '-74.558656518'),
(739, 'REMOLINO', 47, '47605', '10.648603506', '-74.581068226'),
(740, 'REPELÓN', 8, '08606', '10.507570513', '-75.121880527'),
(741, 'RESTREPO', 50, '50606', '4.204310977', '-73.502260369'),
(742, 'RESTREPO', 76, '76606', '3.806494973', '-76.534898533'),
(743, 'RETIRO', 5, '05607', '6.053444254', '-75.515738045'),
(744, 'RICAURTE', 25, '25612', '4.307363489', '-74.729434034'),
(745, 'RICAURTE', 52, '52612', '1.147671848', '-78.05811118'),
(746, 'RIONEGRO', 68, '68615', '6.150785807', '-75.410760524'),
(747, 'RIOBLANCO', 73, '73616', '3.468077548', '-75.854811025'),
(748, 'RIOFRÍO', 76, '76616', '4.109500298', '-76.371054433'),
(749, 'RIOHACHA', 44, '44001', '11.242972141', '-72.958763152'),
(750, 'RISARALDA', 17, '17616', '5.097563816', '-75.733351662'),
(751, 'RIVERA', 41, '41615', '2.79286115', '-75.235368675'),
(752, 'ROBERTO PAYÁN', 52, '52621', '1.897581156', '-78.3811163'),
(753, 'ROLDANILLO', 76, '76622', '4.443571848', '-76.168242493'),
(754, 'RONCESVALLES', 73, '73622', '4.097861181', '-75.594280268'),
(755, 'RONDÓN', 15, '15621', '5.379947879', '-73.196509947'),
(756, 'ROSAS', 19, '19622', '2.260421954', '-76.74582033'),
(757, 'ROVIRA', 73, '73624', '4.216730954', '-75.347583635'),
(758, 'RÁQUIRA', 15, '15600', '5.496268621', '-73.628944376'),
(759, 'RÍO IRÓ', 27, '27580', '5.190995015', '-76.41996151'),
(760, 'RÍO QUITO', 27, '27600', '5.567533337', '-76.811570844'),
(761, 'RIOSUCIO', 17, '17614', '5.442275418', '-75.75220499'),
(762, 'RÍO VIEJO', 13, '13600', '8.559982465', '-73.902986677'),
(763, 'RÍO DE ORO', 20, '20614', '8.201070245', '-73.487501265'),
(764, 'RIONEGRO', 5, '05615', '7.474226085', '-73.372464172'),
(765, 'RIOSUCIO', 27, '27615', '7.389887937', '-77.240674833'),
(766, 'SABANA DE TORRES', 68, '68655', '7.4065422', '-73.571318074'),
(767, 'SABANAGRANDE', 8, '08634', '10.798940151', '-74.768796603'),
(768, 'SABANALARGA', 5, '05628', '6.901000506', '-75.792227535'),
(769, 'SABANALARGA', 8, '08638', '10.622507773', '-74.955105416'),
(770, 'SABANALARGA', 85, '85300', '4.81119011', '-72.99580655'),
(771, 'SABANAS DE SAN ÁNGEL', 47, '47660', '10.105330275', '-74.264439202'),
(772, 'SABANETA', 5, '05631', '6.138305183', '-75.608805993'),
(773, 'SABOYÁ', 15, '15632', '5.699926051', '-73.747994656'),
(774, 'SAHAGÚN', 23, '23660', '8.799007016', '-75.429256639'),
(775, 'SALADOBLANCO', 41, '41660', '2.100382849', '-76.228978708'),
(776, 'SALAMINA', 17, '17653', '5.370332425', '-75.409621766'),
(777, 'SALAMINA', 47, '47675', '10.51538178', '-74.722969716'),
(778, 'SALAZAR', 54, '54660', '7.772747824', '-72.867699587'),
(779, 'SALDAÑA', 73, '73671', '3.912542787', '-75.018597615'),
(780, 'SALENTO', 63, '63690', '4.611314654', '-75.530921122'),
(781, 'SALGAR', 5, '05642', '5.970502334', '-75.981372511'),
(782, 'SAMACÁ', 15, '15646', '5.47053997', '-73.521175604'),
(783, 'SAMANIEGO', 52, '52678', '1.430555262', '-77.691795591'),
(784, 'SAMANÁ', 17, '17662', '5.519692873', '-74.99718577'),
(785, 'SAMPUÉS', 70, '70670', '9.165188649', '-75.360274217'),
(786, 'SAN AGUSTÍN', 41, '41668', '1.924165493', '-76.416565503'),
(787, 'SAN ALBERTO', 20, '20710', '7.769815987', '-73.472188879'),
(788, 'SAN ANDRÉS', 68, '68669', '12.543115116', '-81.717623824'),
(789, 'SAN ANDRÉS DE SOTAVENTO', 23, '23670', '9.121296353', '-75.520917113'),
(790, 'SAN ANDRÉS DE CUERQUÍA', 5, '05647', '6.918427233', '-75.6657758'),
(791, 'SAN ANTERO', 23, '23672', '9.359667489', '-75.787002521'),
(792, 'SAN ANTONIO', 73, '73675', '3.926088268', '-75.509910041'),
(793, 'SAN ANTONIO DEL TEQUENDAMA', 25, '25645', '4.599741357', '-74.344903416'),
(794, 'SAN BENITO', 68, '68673', '6.076525355', '-73.552953018'),
(795, 'SAN BENITO ABAD', 70, '70678', '8.835634919', '-74.964693983'),
(796, 'SAN BERNARDO', 25, '25649', '4.140958464', '-74.353976921'),
(797, 'SAN BERNARDO', 52, '52685', '1.529782485', '-77.020706625'),
(798, 'SAN BERNARDO DEL VIENTO', 23, '23675', '9.330098329', '-75.976238578'),
(799, 'SAN CALIXTO', 54, '54670', '8.414441404', '-73.217603803'),
(800, 'SAN CARLOS', 5, '05649', '6.193789659', '-74.90732769'),
(801, 'SAN CARLOS', 23, '23678', '8.706464263', '-75.692518245'),
(802, 'SAN CARLOS DE GUAROA', 50, '50680', '3.84761678', '-73.275834014');
INSERT INTO `municipios` (`id_municipio`, `municipio`, `departamento_id`, `dane`, `latitud`, `longitud`) VALUES
(803, 'SAN CAYETANO', 25, '25653', '5.314600423', '-74.072320771'),
(804, 'SAN CAYETANO', 54, '54673', '7.847872195', '-72.609712034'),
(805, 'SAN CRISTÓBAL', 13, '13620', '10.369720871', '-75.073338352'),
(806, 'SAN DIEGO', 20, '20750', '10.169527121', '-73.287982702'),
(807, 'SAN EDUARDO', 15, '15660', '5.234614686', '-73.049140669'),
(808, 'SAN ESTANISLAO', 13, '13647', '10.364681919', '-75.205234868'),
(809, 'SAN FERNANDO', 13, '13650', '9.081483143', '-74.371866466'),
(810, 'SAN FRANCISCO', 5, '05652', '5.840093731', '-74.98176334'),
(811, 'SAN FRANCISCO', 25, '25658', '4.964100703', '-74.272171286'),
(812, 'SAN FRANCISCO', 86, '86755', '1.136071096', '-76.847266606'),
(813, 'SAN GIL', 68, '68679', '6.550778765', '-73.118879111'),
(814, 'SAN JACINTO', 13, '13654', '9.835362011', '-75.106092009'),
(815, 'SAN JACINTO DEL CAUCA', 13, '13655', '8.212463202', '-74.75082'),
(816, 'SAN JERÓNIMO', 5, '05656', '6.438300409', '-75.703107272'),
(817, 'SAN JOAQUÍN', 68, '68682', '6.459879823', '-72.85471883'),
(818, 'SAN JOSÉ', 17, '17665', '5.083424513', '-75.810178904'),
(819, 'SAN JOSÉ DE MIRANDA', 68, '68684', '6.629400185', '-72.739764227'),
(820, 'SAN JOSÉ DE LA MONTAÑA', 5, '05658', '6.823258913', '-75.677708262'),
(821, 'SAN JOSÉ DE PARE', 15, '15664', '5.994154088', '-73.543865224'),
(822, 'SAN JOSÉ DE URÉ', 23, '23682', '7.753054395', '-75.567247397'),
(823, 'SAN JOSÉ DEL FRAGUA', 18, '18610', '1.304702314', '-76.110005942'),
(824, 'SAN JOSÉ DEL GUAVIARE', 95, '95001', '2.484286091', '-71.919169926'),
(825, 'SAN JOSÉ DEL PALMAR', 27, '27660', '4.958741345', '-76.280023606'),
(826, 'SAN JUAN DE ARAMA', 50, '50683', '3.289851171', '-73.816352434'),
(827, 'SAN JUAN DE BETULIA', 70, '70702', '9.292019071', '-75.213635785'),
(828, 'SAN JUAN NEPOMUCENO', 13, '13657', '9.967957823', '-75.065719587'),
(829, 'PASTO', 52, '52001', '1.083605497', '-77.206100743'),
(830, 'SAN JUAN DE RIOSECO', 25, '25662', '4.814537831', '-74.615259849'),
(831, 'SAN JUAN DE URABÁ', 5, '05659', '8.707141583', '-76.532482343'),
(832, 'SAN JUAN DEL CESAR', 44, '44650', '10.81311496', '-73.086599864'),
(833, 'SAN JUANITO', 50, '50686', '4.471346322', '-73.660413554'),
(834, 'SAN LORENZO', 52, '52687', '1.542139582', '-77.218726925'),
(835, 'SAN LUIS', 73, '73678', '6.024205956', '-75.007667403'),
(836, 'SAN LUIS', 5, '05660', '4.057271684', '-75.163208055'),
(837, 'SAN LUIS DE GACENO', 15, '15667', '4.798203543', '-73.133970184'),
(838, 'SAN LUIS DE PALENQUE', 85, '85325', '5.274955665', '-71.817492757'),
(839, 'SAN MARCOS', 70, '70708', '8.589220102', '-75.172499549'),
(840, 'SAN MARTÍN', 20, '20770', '7.937788454', '-73.544363121'),
(841, 'SAN MARTÍN', 50, '50689', '3.515860962', '-72.656727424'),
(842, 'SAN MARTÍN DE LOBA', 13, '13667', '8.816088444', '-74.005999668'),
(843, 'SAN MATEO', 15, '15673', '6.395388812', '-72.551848623'),
(844, 'SAN MIGUEL', 68, '68686', '0.272449048', '-76.845104586'),
(845, 'SAN MIGUEL', 86, '86757', '6.568121541', '-72.643224968'),
(846, 'SAN MIGUEL DE SEMA', 15, '15676', '5.532326922', '-73.747158978'),
(847, 'SAN ONOFRE', 70, '70713', '9.814599536', '-75.505229192'),
(848, 'SAN PABLO', 13, '13670', '7.507922612', '-74.103569774'),
(849, 'SAN PABLO', 52, '52693', '1.681576627', '-76.975279793'),
(850, 'SAN PABLO DE BORBUR', 15, '15681', '5.677345066', '-74.114037486'),
(851, 'SAN PEDRO DE LOS MILAGROS', 5, '05664', '6.458666308', '-75.562483898'),
(852, 'SAN PEDRO', 70, '70717', '9.396835638', '-75.037418148'),
(853, 'SAN PEDRO', 76, '76670', '3.98143244', '-76.208361678'),
(854, 'SAN PEDRO DE CARTAGO', 52, '52694', '1.536823494', '-77.101403249'),
(855, 'SAN PEDRO DE URABÁ', 5, '05665', '8.37915695', '-76.316642334'),
(856, 'SAN PELAYO', 23, '23686', '8.987777392', '-75.909587708'),
(857, 'SAN RAFAEL', 5, '05667', '6.31074453', '-74.998586516'),
(858, 'SAN ROQUE', 5, '05670', '6.466165211', '-74.945073196'),
(859, 'SAN SEBASTIÁN', 19, '19693', '1.856261815', '-76.716524236'),
(860, 'SAN SEBASTIÁN DE BUENAVISTA', 47, '47692', '9.380680272', '-74.197979884'),
(861, 'SAN VICENTE FERRER', 5, '05674', '6.310387522', '-75.327401628'),
(862, 'SAN VICENTE DEL CAGUÁN', 18, '18753', '1.308465061', '-74.197469706'),
(863, 'SAN VICENTE DE CHUCURÍ', 68, '68689', '6.894292346', '-73.539003336'),
(864, 'SAN ZENÓN', 47, '47703', '9.306869548', '-74.358516443'),
(865, 'SANDONÁ', 52, '52683', '1.288105409', '-77.456700683'),
(866, 'SANTA ANA', 47, '47707', '9.503097215', '-74.444193806'),
(867, 'SANTA BÁRBARA', 5, '05679', '5.878984956', '-75.583303711'),
(868, 'SANTA BÁRBARA', 68, '68705', '2.494420411', '-77.982564611'),
(869, 'SANTA BÁRBARA', 52, '52696', '6.988084711', '-72.896089334'),
(870, 'SANTA BÁRBARA DE PINTO', 47, '47720', '9.484388135', '-74.665211779'),
(871, 'SANTA CATALINA', 13, '13673', '10.649812776', '-75.26548463'),
(872, 'SANTA FÉ DE ANTIOQUIA', 5, '05042', '6.535711576', '-75.904266579'),
(873, 'EL LITORAL DEL SAN JUAN', 27, '27250', '4.272940191', '-76.987858279'),
(874, 'SANTA HELENA DEL OPÓN', 68, '68720', '6.40890734', '-73.582066089'),
(875, 'SANTA ISABEL', 73, '73686', '4.740827622', '-75.200699463'),
(876, 'SANTA LUCÍA', 8, '08675', '10.35364192', '-74.965411787'),
(877, 'SANTA MARTA', 47, '47001', '11.121894357', '-73.885278551'),
(878, 'SANTA MARÍA', 15, '15690', '4.823002556', '-73.253775062'),
(879, 'SANTA MARÍA', 41, '41676', '2.926265937', '-75.633597855'),
(880, 'SANTA ROSA', 13, '13683', '10.469207257', '-75.361160527'),
(881, 'SANTA ROSA', 19, '19701', '1.52002179', '-76.538762806'),
(882, 'SANTA ROSA DE CABAL', 66, '66682', '4.833789828', '-75.549501744'),
(883, 'SANTA ROSA DE OSOS', 5, '05686', '6.675827825', '-75.438143332'),
(884, 'SANTA ROSA DE VITERBO', 15, '15693', '5.892950301', '-72.991727804'),
(885, 'SANTA ROSA DEL SUR', 13, '13688', '7.772519173', '-74.262728426'),
(886, 'SANTA ROSALÍA', 99, '99624', '4.968581012', '-70.659970968'),
(887, 'SANTA SOFÍA', 15, '15696', '5.731602716', '-73.603662869'),
(888, 'SANTANA', 15, '15686', '6.057614971', '-73.489748282'),
(889, 'SANTANDER DE QUILICHAO', 19, '19698', '2.984467338', '-76.498731453'),
(890, 'SANTIAGO', 54, '54680', '7.889234454', '-72.718254104'),
(891, 'SANTIAGO', 86, '86760', '1.036021482', '-76.977516835'),
(892, 'SANTO DOMINGO', 5, '05690', '6.481044132', '-75.142600968'),
(893, 'SANTO TOMÁS', 8, '08685', '10.755626561', '-74.78726468'),
(894, 'EL SANTUARIO', 5, '05697', '6.124209495', '-75.252122776'),
(895, 'SANTUARIO', 66, '66687', '5.076100313', '-76.02286946'),
(896, 'SAPUYES', 52, '52720', '1.045287475', '-77.71810954'),
(897, 'SARAVENA', 81, '81736', '6.906941714', '-71.850707567'),
(898, 'SARDINATA', 54, '54720', '8.215080767', '-72.795809609'),
(899, 'SASAIMA', 25, '25718', '4.946805263', '-74.412309212'),
(900, 'SATIVANORTE', 15, '15720', '6.13211793', '-72.730324154'),
(901, 'SATIVASUR', 15, '15723', '6.083405978', '-72.724108145'),
(902, 'SEGOVIA', 5, '05736', '7.26692339', '-74.621639263'),
(903, 'SESQUILÉ', 25, '25736', '5.000633875', '-73.772065443'),
(904, 'SEVILLA', 76, '76736', '4.193411919', '-75.888181633'),
(905, 'SIACHOQUE', 15, '15740', '5.498747701', '-73.216817778'),
(906, 'SIBATÉ', 25, '25740', '4.465970004', '-74.263289627'),
(907, 'SIBUNDOY', 86, '86749', '1.228746922', '-76.913075854'),
(908, 'SILOS', 54, '54743', '7.180991879', '-72.786178841'),
(909, 'SILVANIA', 25, '25743', '4.436967141', '-74.37050903'),
(910, 'SILVIA', 19, '19743', '2.651291894', '-76.350573563'),
(911, 'SIMACOTA', 68, '68745', '6.494231551', '-73.459109916'),
(912, 'SIMIJACA', 25, '25745', '5.509773128', '-73.845191644'),
(913, 'SIMITÍ', 13, '13744', '7.851315534', '-73.983716091'),
(914, 'SINCELEJO', 70, '70001', '9.316673928', '-75.431749665'),
(915, 'SAN LUIS DE SINCÉ', 70, '70742', '9.256299047', '-75.093970889'),
(916, 'SIPÍ', 27, '27745', '4.594415157', '-76.541944593'),
(917, 'SITIONUEVO', 47, '47745', '10.89027616', '-74.629660378'),
(918, 'SOACHA', 25, '25754', '4.581866267', '-74.240296958'),
(919, 'SOATÁ', 15, '15753', '6.323088045', '-72.696040893'),
(920, 'SOCHA', 15, '15757', '5.960498836', '-72.682397841'),
(921, 'SOCORRO', 68, '68755', '6.462088241', '-73.244360009'),
(922, 'SOCOTÁ', 15, '15755', '5.906513772', '-72.536463605'),
(923, 'SOGAMOSO', 15, '15759', '5.646672053', '-72.870956503'),
(924, 'SOLANO', 18, '18756', '0.096131862', '-72.320364019'),
(925, 'SOLEDAD', 8, '08758', '10.906906595', '-74.778424903'),
(926, 'SOLITA', 18, '18785', '0.943939454', '-75.646685441'),
(927, 'SOMONDOCO', 15, '15761', '4.970974064', '-73.428787852'),
(928, 'SONSÓN', 5, '05756', '5.826388779', '-74.836376225'),
(929, 'SOPETRÁN', 5, '05761', '6.520164552', '-75.745809033'),
(930, 'SOPLAVIENTO', 13, '13760', '10.332090314', '-75.116992257'),
(931, 'SOPÓ', 25, '25758', '4.888060112', '-73.965875277'),
(932, 'SORA', 15, '15762', '5.580573191', '-73.443718375'),
(933, 'SORACÁ', 15, '15764', '5.494890461', '-73.318999965'),
(934, 'SOTAQUIRÁ', 15, '15763', '5.763010553', '-73.24352232'),
(935, 'SOTARÁ PAISPAMBA', 19, '19760', '2.231820541', '-76.611466326'),
(936, 'LOS ANDES', 52, '52418', '1.672601269', '-77.710544487'),
(937, 'SUAITA', 68, '68770', '6.101499739', '-73.362257946'),
(938, 'SUAN', 8, '08770', '10.310850347', '-74.907133084'),
(939, 'SUAZA', 41, '41770', '1.870992095', '-75.807984706'),
(940, 'SUBACHOQUE', 25, '25769', '4.970358034', '-74.156899234'),
(941, 'SUCRE', 19, '19785', '2.057735184', '-76.909939647'),
(942, 'SUCRE', 68, '68773', '5.983203734', '-73.959362354'),
(943, 'SUCRE', 70, '70771', '8.814333477', '-74.747531312'),
(944, 'SUESCA', 25, '25772', '5.122728461', '-73.824273125'),
(945, 'SUPATÁ', 25, '25777', '5.061692703', '-74.231383276'),
(946, 'SUPÍA', 17, '17777', '5.45295802', '-75.640357045'),
(947, 'SURATÁ', 68, '68780', '7.475402063', '-72.987799659'),
(948, 'SUSA', 25, '25779', '5.440092358', '-73.823925286'),
(949, 'SUSACÓN', 15, '15774', '6.215200578', '-72.715756341'),
(950, 'SUTAMARCHÁN', 15, '15776', '5.640030759', '-73.625987727'),
(951, 'SUTATAUSA', 25, '25781', '5.242909347', '-73.855403428'),
(952, 'SUTATENZA', 15, '15778', '5.030711335', '-73.412244005'),
(953, 'SUÁREZ', 19, '19780', '2.936865997', '-76.745824296'),
(954, 'SUÁREZ', 73, '73770', '3.969210629', '-74.844487379'),
(955, 'SÁCAMA', 85, '85315', '6.049906435', '-72.210761632'),
(956, 'SÁCHICA', 15, '15638', '5.573464882', '-73.543102003'),
(957, 'TABIO', 25, '25785', '4.951520046', '-74.08449648'),
(958, 'TADÓ', 27, '27787', '5.26610158', '-76.331095472'),
(959, 'TALAIGUA NUEVO', 13, '13780', '9.269516705', '-74.586952326'),
(960, 'TAMALAMEQUE', 20, '20787', '8.902075012', '-73.763396197'),
(961, 'TAME', 81, '81794', '6.390650479', '-71.791786468'),
(962, 'TAMINANGO', 52, '52786', '1.591661392', '-77.325253155'),
(963, 'TANGUA', 52, '52788', '1.064078111', '-77.350634907'),
(964, 'TARAIRA', 97, '97666', '-0.719822209', '-69.907762015'),
(965, 'TARAZÁ', 5, '05790', '7.488875998', '-75.401894377'),
(966, 'TARQUI', 41, '41791', '2.130280544', '-75.875348449'),
(967, 'TARSO', 5, '05792', '5.871064557', '-75.828711443'),
(968, 'TASCO', 15, '15790', '5.882294313', '-72.726268173'),
(969, 'TAURAMENA', 85, '85410', '4.697463691', '-72.629224357'),
(970, 'TAUSA', 25, '25793', '5.170527212', '-73.958195935'),
(971, 'TELLO', 41, '41799', '3.030611777', '-75.08536553'),
(972, 'TENA', 25, '25797', '4.666608192', '-74.367649558'),
(973, 'TENERIFE', 47, '47798', '9.924701267', '-74.732630011'),
(974, 'TENJO', 25, '25799', '4.838548601', '-74.146802872'),
(975, 'TENZA', 15, '15798', '5.071413139', '-73.424796988'),
(976, 'TEORAMA', 54, '54800', '8.760013794', '-73.157140966'),
(977, 'TERUEL', 41, '41801', '2.851852692', '-75.759889336'),
(978, 'TESALIA', 41, '41797', '2.526855132', '-75.68259642'),
(979, 'TIBACUY', 25, '25805', '4.321357899', '-74.486672741'),
(980, 'TIBANÁ', 15, '15804', '5.301116649', '-73.393252095'),
(981, 'TIBASOSA', 15, '15806', '5.747329389', '-73.011147244'),
(982, 'TIBIRITA', 25, '25807', '5.084102682', '-73.513625457'),
(983, 'TIBÚ', 54, '54810', '8.713507237', '-72.79925855'),
(984, 'TIERRALTA', 23, '23807', '7.813896829', '-76.16846678'),
(985, 'TIMANÁ', 41, '41807', '1.950715226', '-75.917576487'),
(986, 'TIMBIQUÍ', 19, '19809', '2.699475127', '-77.491315765'),
(987, 'TIMBÍO', 19, '19807', '2.369625312', '-76.710519323'),
(988, 'TINJACÁ', 15, '15808', '5.577566497', '-73.676145721'),
(989, 'TIPACOQUE', 15, '15810', '6.42035349', '-72.694635834'),
(990, 'TIQUISIO', 13, '13810', '8.492345176', '-74.296761387'),
(991, 'TITIRIBÍ', 5, '05809', '6.058349971', '-75.799660047'),
(992, 'TOCA', 15, '15814', '5.580254287', '-73.160696902'),
(993, 'TOCAIMA', 25, '25815', '4.452072974', '-74.648644062'),
(994, 'TOCANCIPÁ', 25, '25817', '4.968852913', '-73.928870205'),
(995, 'TOGÜÍ', 15, '15816', '5.921830062', '-73.489218055'),
(996, 'TOLEDO', 5, '05819', '7.016397069', '-75.71363382'),
(997, 'TOLEDO', 54, '54820', '7.225864961', '-72.305934177'),
(998, 'SANTIAGO DE TOLÚ', 70, '70820', '9.533810567', '-75.535434694'),
(999, 'SAN JOSÉ DE TOLUVIEJO', 70, '70823', '9.490297716', '-75.444511154'),
(1000, 'TONA', 68, '68820', '7.170891099', '-72.939704433'),
(1001, 'TÓPAGA', 15, '15820', '5.765350303', '-72.836729576'),
(1002, 'TOPAIPÍ', 25, '25823', '5.355688386', '-74.289639943'),
(1003, 'TORIBÍO', 19, '19821', '2.975771999', '-76.203315664'),
(1004, 'TORO', 76, '76823', '4.638421279', '-76.081061761'),
(1005, 'TOTA', 15, '15822', '5.501297215', '-72.996332969'),
(1006, 'TOTORÓ', 19, '19824', '2.475213085', '-76.39675937'),
(1007, 'TRINIDAD', 85, '85430', '5.354527091', '-71.254795186'),
(1008, 'TRUJILLO', 76, '76828', '4.233268116', '-76.342926988'),
(1009, 'TUBARÁ', 8, '08832', '10.907219384', '-74.98423293'),
(1010, 'TUCHÍN', 23, '23815', '9.224630803', '-75.544105925'),
(1011, 'TULUÁ', 76, '76834', '4.02840797', '-76.032503793'),
(1012, 'SAN ANDRÉS DE TUMACO', 52, '52835', '1.574550638', '-78.615409629'),
(1013, 'TUNJA', 15, '15001', '5.518472615', '-73.378018556'),
(1014, 'TUNUNGUÁ', 15, '15832', '5.720301516', '-73.943309265'),
(1015, 'TURBACO', 13, '13836', '10.353107564', '-75.379715411'),
(1016, 'TURBANÁ', 13, '13838', '10.252769289', '-75.432702985'),
(1017, 'TURBO', 5, '05837', '8.173851745', '-76.574037701'),
(1018, 'TURMEQUÉ', 15, '15835', '5.305697418', '-73.509087138'),
(1019, 'TUTA', 15, '15837', '5.678126998', '-73.173430534'),
(1020, 'TUTAZÁ', 15, '15839', '6.078051903', '-72.857078319'),
(1021, 'TÁMARA', 85, '85400', '5.878927424', '-72.200678221'),
(1022, 'TÁMESIS', 5, '05789', '5.673758571', '-75.709799743'),
(1023, 'TÚQUERRES', 52, '52838', '1.134440523', '-77.63073238'),
(1024, 'UBALÁ', 25, '25839', '4.803805182', '-73.47654604'),
(1025, 'UBAQUE', 25, '25841', '4.500754182', '-73.975645447'),
(1026, 'VILLA DE SAN DIEGO DE UBATÉ', 25, '25843', '5.316080652', '-73.820105663'),
(1027, 'ULLOA', 76, '76845', '4.707718947', '-75.778359026'),
(1028, 'UNE', 25, '25845', '4.244611163', '-74.11187304'),
(1029, 'UNGUÍA', 27, '27800', '8.117281079', '-77.10372723'),
(1030, 'UNIÓN PANAMERICANA', 27, '27810', '5.281599258', '-76.619627455'),
(1031, 'URAMITA', 5, '05842', '6.913916924', '-76.133185136'),
(1032, 'URIBE', 50, '50370', '3.047726858', '-74.430661339'),
(1033, 'URIBIA', 44, '44847', '11.999719855', '-71.748826616'),
(1034, 'URRAO', 5, '05847', '6.33534134', '-76.259064819'),
(1035, 'URUMITA', 44, '44855', '10.494702101', '-72.986239906'),
(1036, 'USIACURÍ', 8, '08849', '10.740522657', '-74.982674126'),
(1037, 'VALDIVIA', 5, '05854', '7.265404213', '-75.400945015'),
(1038, 'VALENCIA', 23, '23855', '8.219904128', '-76.2213286'),
(1039, 'VALLE DE SAN JOSÉ', 68, '68855', '6.434578919', '-73.10997171'),
(1040, 'VALLE DE SAN JUAN', 73, '73854', '4.182125647', '-75.171482368'),
(1041, 'VALLE DEL GUAMUEZ', 86, '86865', '0.42012589', '-76.770670262'),
(1042, 'VALLEDUPAR', 20, '20001', '10.218902768', '-73.457847638'),
(1043, 'VALPARAÍSO', 5, '05856', '5.651937802', '-75.630834123'),
(1044, 'VALPARAÍSO', 18, '18860', '1.07534915', '-75.737790038'),
(1045, 'VEGACHÍ', 5, '05858', '6.836535122', '-74.754030203'),
(1046, 'VENADILLO', 73, '73861', '4.70988172', '-74.920898857'),
(1047, 'VENECIA', 5, '05861', '5.956576355', '-75.777224226'),
(1048, 'VENECIA', 25, '25506', '4.063342074', '-74.452597955'),
(1049, 'VENTAQUEMADA', 15, '15861', '5.383385481', '-73.520979424'),
(1050, 'VERGARA', 25, '25862', '5.131267542', '-74.309792287'),
(1051, 'VERSALLES', 76, '76863', '4.644242641', '-76.259244825'),
(1052, 'VETAS', 68, '68867', '7.322219563', '-72.881569005'),
(1053, 'VIANÍ', 25, '25867', '4.914040619', '-74.549366548'),
(1054, 'VIGÍA DEL FUERTE', 5, '05873', '6.453351334', '-76.695048017'),
(1055, 'VIJES', 76, '76869', '3.74365889', '-76.470647175'),
(1056, 'VILLA CARO', 54, '54871', '7.936293173', '-72.987594182'),
(1057, 'VILLA RICA', 19, '19845', '3.180627317', '-76.464455581'),
(1058, 'VILLA DE LEYVA', 15, '15407', '5.665762424', '-73.514948003'),
(1059, 'VILLA DEL ROSARIO', 54, '54874', '7.718635863', '-72.483611758'),
(1060, 'VILLAGARZÓN', 86, '86885', '0.911149515', '-76.744954473'),
(1061, 'VILLAGÓMEZ', 25, '25871', '5.270694636', '-74.190743751'),
(1062, 'VILLAHERMOSA', 73, '73870', '4.965753461', '-75.155929691'),
(1063, 'VILLAMARÍA', 17, '17873', '4.940211591', '-75.435440137'),
(1064, 'VILLANUEVA', 13, '13873', '10.444913198', '-75.267362754'),
(1065, 'VILLANUEVA', 44, '44874', '4.528307719', '-72.82314281'),
(1066, 'VILLANUEVA', 68, '68872', '10.583647554', '-72.975202862'),
(1067, 'VILLANUEVA', 85, '85440', '6.685867326', '-73.16396916'),
(1068, 'VILLAPINZÓN', 25, '25873', '5.227298709', '-73.577259209'),
(1069, 'VILLARRICA', 73, '73873', '3.854384097', '-74.618966231'),
(1070, 'VILLAVICENCIO', 50, '50001', '4.09166877', '-73.492915945'),
(1071, 'VILLAVIEJA', 41, '41872', '3.287057875', '-75.13838292'),
(1072, 'VILLETA', 25, '25875', '5.011670402', '-74.487647455'),
(1073, 'VIOTÁ', 25, '25878', '4.436054105', '-74.485433391'),
(1074, 'VIRACACHÁ', 15, '15879', '5.440558216', '-73.266274556'),
(1075, 'VISTAHERMOSA', 50, '50711', '2.811616698', '-73.666522336'),
(1076, 'VITERBO', 17, '17877', '5.047822054', '-75.879297'),
(1077, 'VÉLEZ', 68, '68861', '6.00741043', '-73.690572558'),
(1078, 'YACOPÍ', 25, '25885', '5.591910157', '-74.364808653'),
(1079, 'YACUANQUER', 52, '52885', '1.125547916', '-77.424675688'),
(1080, 'YAGUARÁ', 41, '41885', '2.646563339', '-75.515926448'),
(1081, 'YALÍ', 5, '05885', '6.716870679', '-74.75565002'),
(1082, 'YARUMAL', 5, '05887', '6.9881309', '-75.454399574'),
(1083, 'YOLOMBÓ', 5, '05890', '6.64442786', '-75.029902658'),
(1084, 'YONDÓ', 5, '05893', '6.925159318', '-74.158240414'),
(1085, 'YOPAL', 85, '85001', '5.242744761', '-72.25802857'),
(1086, 'YOTOCO', 76, '76890', '3.904130354', '-76.390804349'),
(1087, 'YUMBO', 76, '76892', '3.595913669', '-76.5109879'),
(1088, 'ZAMBRANO', 13, '13894', '9.745147021', '-74.880670367'),
(1089, 'ZAPATOCA', 68, '68895', '6.813725566', '-73.309750443'),
(1090, 'ZAPAYÁN', 47, '47960', '10.117798928', '-74.691154562'),
(1091, 'ZARAGOZA', 5, '05895', '7.474004006', '-74.858483258'),
(1092, 'ZARZAL', 76, '76895', '4.35359875', '-76.050653363'),
(1093, 'ZETAQUIRA', 15, '15897', '5.285635983', '-73.167630912'),
(1094, 'ZIPACÓN', 25, '25898', '4.75432173', '-74.386734443'),
(1095, 'ZIPAQUIRÁ', 25, '25899', '5.06631685', '-74.049603234'),
(1096, 'ZONA BANANERA', 47, '47980', '10.796346583', '-74.177983168'),
(1097, 'ÁBREGO', 54, '54003', '8.019834481', '-73.158504846'),
(1098, 'ÍQUIRA', 41, '41357', '2.691517773', '-75.673831406'),
(1099, 'ÚMBITA', 15, '15842', '5.217241368', '-73.463384768'),
(1100, 'ÚTICA', 25, '25851', '5.192795708', '-74.477800029'),
(1101, 'ABEJORRAL', 5, '05002', '5.803728154', '-75.438473525'),
(1102, 'ALDANA', 52, '52022', '0.913431916', '-77.695387307'),
(1103, 'BARRANCOMINAS', 94, '94343', '3.140558454', '-69.697134231'),
(1104, 'CACAHUAL', 94, '94886', '3.38616245', '-67.585079984'),
(1105, 'EL ENCANTO', 91, '91263', '-1.997234795', '-72.723615655'),
(1106, 'LA CHORRERA', 91, '91405', '-1.509799605', '-72.444429655'),
(1107, 'LA GUADALUPE', 94, '94885', '1.404540273', '-67.001518001'),
(1108, 'LA PEDRERA', 91, '91407', '-1.550256503', '-69.946028145'),
(1109, 'LA VICTORIA', 91, '91430', '4.483511142', '-75.966773027'),
(1110, 'MIRITÍ - PARANÁ', 91, '91460', '-0.687037553', '-71.185504598'),
(1111, 'MORICHAL', 94, '94888', '2.421444806', '-69.84001585'),
(1112, 'PACOA', 97, '97511', '-0.00834363999996', '-70.543306099'),
(1113, 'PANA PANA', 94, '94887', '1.981055294', '-69.114400356'),
(1114, 'PAPUNAHUA', 97, '97777', '1.569312273', '-70.911663147'),
(1115, 'PUERTO ALEGRÍA', 91, '91530', '-0.952145073', '-73.757227478'),
(1116, 'PUERTO ARICA', 91, '91536', '-1.91085406', '-71.148404895'),
(1117, 'PUERTO COLOMBIA', 94, '94884', '2.582829542', '-68.257990327'),
(1118, 'PUERTO SANTANDER', 91, '91669', '8.329138642', '-72.411190655'),
(1119, 'SAN ANDRÉS', 88, '88001', '6.796483063', '-72.816132023'),
(1120, 'SAN FELIPE', 94, '94883', '2.312179782', '-67.520605688'),
(1121, 'TARAPACÁ', 91, '91798', '-2.451794264', '-70.006515353'),
(1122, 'YAVARATÉ', 97, '97889', '0.833312241', '-69.618677544');

-- --------------------------------------------------------

--
-- Estructura de tabla para la tabla `orders`
--

CREATE TABLE `orders` (
  `id_orders` int(11) NOT NULL,
  `cliente` int(11) NOT NULL,
  `producto` int(11) NOT NULL,
  `cantidad` int(11) NOT NULL,
  `total` int(11) NOT NULL,
  `fecha_orden` int(11) NOT NULL,
  `fecha_envio` int(11) NOT NULL
) ENGINE=InnoDB DEFAULT CHARSET=utf8mb4;

-- --------------------------------------------------------

--
-- Estructura de tabla para la tabla `productos`
--

CREATE TABLE `productos` (
  `id` int(11) NOT NULL,
  `nombre` varchar(20) NOT NULL,
  `foto` varchar(255) NOT NULL,
  `color` varchar(20) NOT NULL,
  `descuento` double NOT NULL,
  `cantidad` int(11) NOT NULL,
  `talla` varchar(10) NOT NULL,
  `precio` double NOT NULL,
  `categoria` int(11) NOT NULL,
  `descripcion` varchar(255) NOT NULL,
  `etiqueta` varchar(255) NOT NULL
) ENGINE=InnoDB DEFAULT CHARSET=utf8mb4;

--
-- Volcado de datos para la tabla `productos`
--

INSERT INTO `productos` (`id`, `nombre`, `foto`, `color`, `descuento`, `cantidad`, `talla`, `precio`, `categoria`, `descripcion`, `etiqueta`) VALUES
(15, 'Camisa', 'Camisa_5528183.png', 'verde', 5, 25, 'S,M.XSS,L,', 36500, 23, 'asdf', 'camisas');

--
-- Índices para tablas volcadas
--

--
-- Indices de la tabla `administradores`
--
ALTER TABLE `administradores`
  ADD PRIMARY KEY (`id`);

--
-- Indices de la tabla `categoria`
--
ALTER TABLE `categoria`
  ADD PRIMARY KEY (`id_categoria`),
  ADD UNIQUE KEY `nombre` (`nombre`);

--
-- Indices de la tabla `clientes`
--
ALTER TABLE `clientes`
  ADD PRIMARY KEY (`id`),
  ADD UNIQUE KEY `correo` (`correo`);

--
-- Indices de la tabla `departamentos`
--
ALTER TABLE `departamentos`
  ADD PRIMARY KEY (`id_departamento`);

--
-- Indices de la tabla `direcciones`
--
ALTER TABLE `direcciones`
  ADD PRIMARY KEY (`id`),
  ADD KEY `departamento` (`departamento`,`municipio`,`cliente_id`),
  ADD KEY `registros_ibfk_1` (`municipio`);

--
-- Indices de la tabla `municipios`
--
ALTER TABLE `municipios`
  ADD PRIMARY KEY (`id_municipio`);

--
-- Indices de la tabla `orders`
--
ALTER TABLE `orders`
  ADD PRIMARY KEY (`id_orders`);

--
-- Indices de la tabla `productos`
--
ALTER TABLE `productos`
  ADD PRIMARY KEY (`id`),
  ADD KEY `categoria` (`categoria`);

--
-- AUTO_INCREMENT de las tablas volcadas
--

--
-- AUTO_INCREMENT de la tabla `administradores`
--
ALTER TABLE `administradores`
  MODIFY `id` int(11) NOT NULL AUTO_INCREMENT, AUTO_INCREMENT=4;

--
-- AUTO_INCREMENT de la tabla `categoria`
--
ALTER TABLE `categoria`
  MODIFY `id_categoria` int(11) NOT NULL AUTO_INCREMENT, AUTO_INCREMENT=24;

--
-- AUTO_INCREMENT de la tabla `clientes`
--
ALTER TABLE `clientes`
  MODIFY `id` int(11) NOT NULL AUTO_INCREMENT, AUTO_INCREMENT=6;

--
-- AUTO_INCREMENT de la tabla `direcciones`
--
ALTER TABLE `direcciones`
  MODIFY `id` int(11) NOT NULL AUTO_INCREMENT;

--
-- AUTO_INCREMENT de la tabla `orders`
--
ALTER TABLE `orders`
  MODIFY `id_orders` int(11) NOT NULL AUTO_INCREMENT;

--
-- AUTO_INCREMENT de la tabla `productos`
--
ALTER TABLE `productos`
  MODIFY `id` int(11) NOT NULL AUTO_INCREMENT, AUTO_INCREMENT=16;

--
-- Restricciones para tablas volcadas
--

--
-- Filtros para la tabla `direcciones`
--
ALTER TABLE `direcciones`
  ADD CONSTRAINT `registros_ibfk_1` FOREIGN KEY (`municipio`) REFERENCES `municipios` (`id_municipio`) ON DELETE NO ACTION ON UPDATE NO ACTION,
  ADD CONSTRAINT `registros_ibfk_3` FOREIGN KEY (`departamento`) REFERENCES `departamentos` (`id_departamento`) ON DELETE NO ACTION ON UPDATE NO ACTION;

--
-- Filtros para la tabla `productos`
--
ALTER TABLE `productos`
  ADD CONSTRAINT `productos_ibfk_1` FOREIGN KEY (`categoria`) REFERENCES `categoria` (`id_categoria`) ON DELETE NO ACTION ON UPDATE NO ACTION;
COMMIT;

/*!40101 SET CHARACTER_SET_CLIENT=@OLD_CHARACTER_SET_CLIENT */;
/*!40101 SET CHARACTER_SET_RESULTS=@OLD_CHARACTER_SET_RESULTS */;
/*!40101 SET COLLATION_CONNECTION=@OLD_COLLATION_CONNECTION */;
